run_id,date,turn,agent_id,selected_post_ids,post_id,title,post_type,reaction,author_badges,author_profile
simulation_20260706_151500,2026-02-24,2,A077,"[1927, 1928]",1927,오늘 삼성전자 추가 매수했습니다!,trade_share,unlike,[],"{""portfolio_summary"": {""state_id"": ""ps_A044_t002"", ""agent_id"": ""A044"", ""turn"": 2, ""date"": ""2026-02-24"", ""cash"": 31750000.0, ""positions"": ""[{\""stock_code\"": \""005930\"", \""quantity\"": 350, \""avg_cost\"": 195000.0, \""current_price\"": 200000.0, \""unrealized_pnl\"": 1750000.0, \""unrealized_pnl_rate\"": 0.02564102564102564}]"", ""total_value"": 101750000.0, ""realized_pnl"": 0.0, ""total_return_rate"": 0.0175, ""updated_at"": ""2026-07-06 06:21:38""}, ""recent_trades"": [{""turn"": 2, ""date"": ""2026-02-24"", ""action"": ""buy"", ""stock_code"": ""005930"", ""quantity"": 100, ""executed_price"": 200000.0, ""trade_value"": 20000000.0, ""status"": ""filled"", ""filled_quantity"": 100, ""action_reason"": ""기술적 지표 (MA5, MA20 정배열) 와 HBM 테마 호재로 상승 추세가 지속될 것으로 판단하여, 보유 비중을 확대합니다. 현금 여력이 충분하며, 수익 구간에서의 추가 매수는 평균 단가를 낮추는 효과가 있습니다.""}, {""turn"": 1, ""date"": ""2026-02-24"", ""action"": ""buy"", ""stock_code"": ""005930"", ""quantity"": 250, ""executed_price"": 193000.0, ""trade_value"": 48250000.0, ""status"": ""filled"", ""filled_quantity"": 250, ""action_reason"": ""기술적 지표 (MA5, MA20 돌파) 와 호재 뉴스에 따라 원칙에 따라 매수하나, 악재 리스크로 인해 최대 한도 내에서 제한적으로 진입합니다.""}]}"
simulation_20260706_151500,2026-02-24,2,A077,"[1927, 1928]",1928,오늘 삼성전자 125주 매수했습니다!,trade_share,unlike,"[""상위 수익자"", ""자산가"", ""커뮤니티 인플루언서""]","{""portfolio_summary"": {""state_id"": ""ps_A008_t002"", ""agent_id"": ""A008"", ""turn"": 2, ""date"": ""2026-02-24"", ""cash"": 25013000.0, ""positions"": ""[{\""stock_code\"": \""005930\"", \""quantity\"": 384, \""avg_cost\"": 195278.64583333334, \""current_price\"": 200000.0, \""unrealized_pnl\"": 1812999.9999999963, \""unrealized_pnl_rate\"": 0.02417752410417801}]"", ""total_value"": 101813000.0, ""realized_pnl"": 0.0, ""total_return_rate"": 0.01813, ""updated_at"": ""2026-07-06 06:21:38""}, ""recent_trades"": [{""turn"": 2, ""date"": ""2026-02-24"", ""action"": ""buy"", ""stock_code"": ""005930"", ""quantity"": 125, ""executed_price"": 200000.0, ""trade_value"": 25000000.0, ""status"": ""filled"", ""filled_quantity"": 125, ""action_reason"": ""20 만 원 심리적 저항선 돌파와 기술적 정배열 유지로 상승 추세가 확고하며, 섹터 강세와 HBM 수요 증가 기대감이 모멘텀을 뒷받침합니다. 고위험 고수익 선호 성향과 추세 추종 전략에 따라 매수 기회를 활용합니다.""}, {""turn"": 1, ""date"": ""2026-02-24"", ""action"": ""buy"", ""stock_code"": ""005930"", ""quantity"": 259, ""executed_price"": 193000.0, ""trade_value"": 49987000.0, ""status"": ""filled"", ""filled_quantity"": 259, ""action_reason"": ""관세 해소와 AI 수요 호재로 상승 모멘텀이 강력하며, 193,000 원 지지선에서 기술적 돌파 신호가 확인되었습니다. 고위험 고수익 전략에 따라 현금 50% 한도 내에서 진입합니다.""}]}"
simulation_20260706_151500,2026-02-24,2,A008,"[1927, 1929]",1927,오늘 삼성전자 추가 매수했습니다!,trade_share,unlike,[],null
simulation_20260706_151500,2026-02-24,2,A008,"[1927, 1929]",1929,오늘 삼성전자 추가 매수했습니다!,trade_share,read,[],null
simulation_20260706_151500,2026-02-24,2,A044,"[1928, 1929]",1928,오늘 삼성전자 125주 매수했습니다!,trade_share,unlike,"[""상위 수익자"", ""자산가"", ""커뮤니티 인플루언서""]",null
simulation_20260706_151500,2026-02-24,2,A044,"[1928, 1929]",1929,오늘 삼성전자 추가 매수했습니다!,trade_share,like,[],null
simulation_20260706_151500,2026-02-25,4,A044,[1931],1931,현재 삼성전자 주가에 대한 우려와 리스크 관리,analysis,like,"[""커뮤니티 인플루언서""]",null
simulation_20260706_151500,2026-02-25,4,A008,"[1931, 1932]",1931,현재 삼성전자 주가에 대한 우려와 리스크 관리,analysis,like,"[""커뮤니티 인플루언서""]",null
simulation_20260706_151500,2026-02-25,4,A008,"[1931, 1932]",1932,오늘 삼성전자 일부 매도했습니다,trade_share,like,[],null
simulation_20260706_151500,2026-02-25,4,A077,"[1930, 1932]",1930,[거래 공유] 삼성전자 31주 매수했습니다!,trade_share,unlike,"[""상위 수익자"", ""자산가""]","{""portfolio_summary"": {""state_id"": ""ps_A008_t004"", ""agent_id"": ""A008"", ""turn"": 4, ""date"": ""2026-02-25"", ""cash"": 6352000.0, ""positions"": ""[{\""stock_code\"": \""005930\"", \""quantity\"": 476, \""avg_cost\"": 196739.49579831932, \""current_price\"": 203500.0, \""unrealized_pnl\"": 3218000.0000000056, \""unrealized_pnl_rate\"": 0.03436271997266365}]"", ""total_value"": 103218000.0, ""realized_pnl"": 0.0, ""total_return_rate"": 0.03218, ""updated_at"": ""2026-07-06 06:27:26""}, ""recent_trades"": [{""turn"": 4, ""date"": ""2026-02-25"", ""action"": ""buy"", ""stock_code"": ""005930"", ""quantity"": 31, ""executed_price"": 203500.0, ""trade_value"": 6308500.0, ""status"": ""filled"", ""filled_quantity"": 31, ""action_reason"": ""20 만 원 돌파와 외국인 자금 유입으로 상승 추세가 확고하며, 21 만 원 목표에 부합하는 매수 기회입니다. 과거 수익 조기 실현 경향을 극복하고 추세 추종 전략을 적용합니다.""}, {""turn"": 3, ""date"": ""2026-02-25"", ""action"": ""buy"", ""stock_code"": ""005930"", ""quantity"": 61, ""executed_price"": 202500.0, ""trade_value"": 12352500.0, ""status"": ""filled"", ""filled_quantity"": 61, ""action_reason"": ""20 만 원 심리적 저항선 돌파와 반도체 업황 회복, 연금 자금 유입 등 호재가 기술적 상승 모멘텀을 뒷받침하여 추세 추종 전략에 따라 매수합니다.""}, {""turn"": 2, ""date"": ""2026-02-24"", ""action"": ""buy"", ""stock_code"": ""005930"", ""quantity"": 125, ""executed_price"": 200000.0, ""trade_value"": 25000000.0, ""status"": ""filled"", ""filled_quantity"": 125, ""action_reason"": ""20 만 원 심리적 저항선 돌파와 기술적 정배열 유지로 상승 추세가 확고하며, 섹터 강세와 HBM 수요 증가 기대감이 모멘텀을 뒷받침합니다. 고위험 고수익 선호 성향과 추세 추종 전략에 따라 매수 기회를 활용합니다.""}]}"
simulation_20260706_151500,2026-02-25,4,A077,"[1930, 1932]",1932,오늘 삼성전자 일부 매도했습니다,trade_share,like,[],"{""portfolio_summary"": {""state_id"": ""ps_A044_t004"", ""agent_id"": ""A044"", ""turn"": 4, ""date"": ""2026-02-25"", ""cash"": 23891500.0, ""positions"": ""[{\""stock_code\"": \""005930\"", \""quantity\"": 389, \""avg_cost\"": 196366.82242990655, \""current_price\"": 203500.0, \""unrealized_pnl\"": 2774806.074766353, \""unrealized_pnl_rate\"": 0.03632577785710033}]"", ""total_value"": 103053000.0, ""realized_pnl"": 278193.92523364467, ""total_return_rate"": 0.03053, ""updated_at"": ""2026-07-06 06:27:26""}, ""recent_trades"": [{""turn"": 4, ""date"": ""2026-02-25"", ""action"": ""sell"", ""stock_code"": ""005930"", ""quantity"": 39, ""executed_price"": 203500.0, ""trade_value"": 7936500.0, ""status"": ""filled"", ""filled_quantity"": 39, ""action_reason"": ""거래량 감소 (-3.8%) 로 인한 상승 모멘텀 약화 우려와 현금 비중 부족 (15.5%) 으로 인한 집중 리스크 관리 차원에서 수익 일부 실현합니다. 기술적 정배열은 유지되나 단기 조정 가능성을 고려합니다.""}, {""turn"": 3, ""date"": ""2026-02-25"", ""action"": ""buy"", ""stock_code"": ""005930"", ""quantity"": 78, ""executed_price"": 202500.0, ""trade_value"": 15795000.0, ""status"": ""filled"", ""filled_quantity"": 78, ""action_reason"": ""헤드라인의 '20 만원 돌파'와 '연금 개미' 호재가 제 성향과 일치하며, 기술적 정배열로 상승 모멘텀이 강해 수익 확대를 위해 매수합니다.""}, {""turn"": 2, ""date"": ""2026-02-24"", ""action"": ""buy"", ""stock_code"": ""005930"", ""quantity"": 100, ""executed_price"": 200000.0, ""trade_value"": 20000000.0, ""status"": ""filled"", ""filled_quantity"": 100, ""action_reason"": ""기술적 지표 (MA5, MA20 정배열) 와 HBM 테마 호재로 상승 추세가 지속될 것으로 판단하여, 보유 비중을 확대합니다. 현금 여력이 충분하며, 수익 구간에서의 추가 매수는 평균 단가를 낮추는 효과가 있습니다.""}]}"
simulation_20260706_151500,2026-02-26,6,A077,"[1934, 1935]",1934,오늘 삼성전자 7주 매수했습니다!,trade_share,read,"[""상위 수익자"", ""자산가""]","{""portfolio_summary"": {""state_id"": ""ps_A008_t006"", ""agent_id"": ""A008"", ""turn"": 6, ""date"": ""2026-02-26"", ""cash"": 1728500.0, ""positions"": ""[{\""stock_code\"": \""005930\"", \""quantity\"": 498, \""avg_cost\"": 197332.3293172691, \""current_price\"": 218000.0, \""unrealized_pnl\"": 10292499.999999993, \""unrealized_pnl_rate\"": 0.10473535053397977}]"", ""total_value"": 110292500.0, ""realized_pnl"": 0.0, ""total_return_rate"": 0.102925, ""updated_at"": ""2026-07-06 06:35:36""}, ""recent_trades"": [{""turn"": 6, ""date"": ""2026-02-26"", ""action"": ""buy"", ""stock_code"": ""005930"", ""quantity"": 7, ""executed_price"": 218000.0, ""trade_value"": 1526000.0, ""status"": ""filled"", ""filled_quantity"": 7, ""action_reason"": ""S26 호재와 금리 인하 기대, 기술적 돌파 신호 (거래량 증가) 로 상승 모멘텀이 지속될 것으로 판단하여 추세를 따라 매수합니다.""}, {""turn"": 5, ""date"": ""2026-02-26"", ""action"": ""buy"", ""stock_code"": ""005930"", ""quantity"": 15, ""executed_price"": 206500.0, ""trade_value"": 3097500.0, ""status"": ""filled"", ""filled_quantity"": 15, ""action_reason"": ""코스피 6000 돌파와 반도체 슈퍼사이클, 목표가 34 만 원 상향 등 상승 모멘텀이 강함. 고위험 고수익 선호 성향과 추세 추종 전략에 따라 현금 비중이 낮음에도 추가 매수를 단행함. 다만 거래량 감소 신호를 인지하여 수량은 현금 제한 내에서 조절함.""}, {""turn"": 4, ""date"": ""2026-02-25"", ""action"": ""buy"", ""stock_code"": ""005930"", ""quantity"": 31, ""executed_price"": 203500.0, ""trade_value"": 6308500.0, ""status"": ""filled"", ""filled_quantity"": 31, ""action_reason"": ""20 만 원 돌파와 외국인 자금 유입으로 상승 추세가 확고하며, 21 만 원 목표에 부합하는 매수 기회입니다. 과거 수익 조기 실현 경향을 극복하고 추세 추종 전략을 적용합니다.""}]}"
simulation_20260706_151500,2026-02-26,6,A077,"[1934, 1935]",1935,오늘 삼성전자 매수했습니다!,trade_share,unlike,[],"{""portfolio_summary"": {""state_id"": ""ps_A044_t006"", ""agent_id"": ""A044"", ""turn"": 6, ""date"": ""2026-02-26"", ""cash"": 18956500.0, ""positions"": ""[{\""stock_code\"": \""005930\"", \""quantity\"": 409, \""avg_cost\"": 200069.3222585289, \""current_price\"": 218000.0, \""unrealized_pnl\"": 7333647.196261678, \""unrealized_pnl_rate\"": 0.0896223245975769}]"", ""total_value"": 108118500.0, ""realized_pnl"": 784852.8037383172, ""total_return_rate"": 0.081185, ""updated_at"": ""2026-07-06 06:35:36""}, ""recent_trades"": [{""turn"": 6, ""date"": ""2026-02-26"", ""action"": ""buy"", ""stock_code"": ""005930"", ""quantity"": 70, ""executed_price"": 218000.0, ""trade_value"": 15260000.0, ""status"": ""filled"", ""filled_quantity"": 70, ""action_reason"": ""기술적 돌파 신호 (MA5 이탈, 거래량 증가) 와 금리 안정 호재로 상승 추세 추종 결정. 외국인 매도세 우려는 차트 신뢰를 우선시하여 추세를 따름.""}, {""turn"": 5, ""date"": ""2026-02-26"", ""action"": ""sell"", ""stock_code"": ""005930"", ""quantity"": 50, ""executed_price"": 206500.0, ""trade_value"": 10325000.0, ""status"": ""filled"", ""filled_quantity"": 50, ""action_reason"": ""외국인 매도세 우려와 코스피 6000P 진입에 따른 밸류에이션 부담 (Dim 1, 2) 으로 인한 단기 조정 가능성을 고려하여 수익 일부 확정 및 집중 투자 리스크 관리 (Dim 6) 를 위해 소량 매도합니다.""}, {""turn"": 4, ""date"": ""2026-02-25"", ""action"": ""sell"", ""stock_code"": ""005930"", ""quantity"": 39, ""executed_price"": 203500.0, ""trade_value"": 7936500.0, ""status"": ""filled"", ""filled_quantity"": 39, ""action_reason"": ""거래량 감소 (-3.8%) 로 인한 상승 모멘텀 약화 우려와 현금 비중 부족 (15.5%) 으로 인한 집중 리스크 관리 차원에서 수익 일부 실현합니다. 기술적 정배열은 유지되나 단기 조정 가능성을 고려합니다.""}]}"
simulation_20260706_151500,2026-02-26,6,A044,"[1933, 1934]",1933,오늘 삼성전자 일부 매도했습니다.,trade_share,like,"[""커뮤니티 인플루언서""]",null
simulation_20260706_151500,2026-02-26,6,A044,"[1933, 1934]",1934,오늘 삼성전자 7주 매수했습니다!,trade_share,unlike,"[""상위 수익자"", ""자산가""]",null
simulation_20260706_151500,2026-02-26,6,A008,"[1933, 1935]",1933,오늘 삼성전자 일부 매도했습니다.,trade_share,like,"[""커뮤니티 인플루언서""]",null
simulation_20260706_151500,2026-02-26,6,A008,"[1933, 1935]",1935,오늘 삼성전자 매수했습니다!,trade_share,unlike,[],null
simulation_20260706_151500,2026-02-27,8,A044,"[1937, 1938]",1937,오늘 삼성전자 2주 매수했습니다!,trade_share,read,"[""상위 수익자"", ""자산가""]",null
simulation_20260706_151500,2026-02-27,8,A044,"[1937, 1938]",1938,오늘 삼성전자 전량 매도했습니다.,trade_share,like,"[""커뮤니티 인플루언서""]",null
simulation_20260706_151500,2026-02-27,8,A008,"[1936, 1938]",1936,오늘 삼성전자 일부 매도했습니다.,trade_share,like,[],null
simulation_20260706_151500,2026-02-27,8,A008,"[1936, 1938]",1938,오늘 삼성전자 전량 매도했습니다.,trade_share,like,"[""커뮤니티 인플루언서""]",null
simulation_20260706_151500,2026-02-27,8,A077,"[1936, 1937]",1936,오늘 삼성전자 일부 매도했습니다.,trade_share,like,[],"{""portfolio_summary"": {""state_id"": ""ps_A044_t008"", ""agent_id"": ""A044"", ""turn"": 8, ""date"": ""2026-02-27"", ""cash"": 33256500.0, ""positions"": ""[{\""stock_code\"": \""005930\"", \""quantity\"": 344, \""avg_cost\"": 200852.1459543656, \""current_price\"": 216500.0, \""unrealized_pnl\"": 5382861.79169823, \""unrealized_pnl_rate\"": 0.07790732815565558}]"", ""total_value"": 107732500.0, ""realized_pnl"": 2349638.2083017565, ""total_return_rate"": 0.077325, ""updated_at"": ""2026-07-06 06:43:42""}, ""recent_trades"": [{""turn"": 8, ""date"": ""2026-02-27"", ""action"": ""sell"", ""stock_code"": ""005930"", ""quantity"": 100, ""executed_price"": 216500.0, ""trade_value"": 21650000.0, ""status"": ""filled"", ""filled_quantity"": 100, ""action_reason"": ""신뢰할 수 있는 수익 실현과 집중 투자 리스크 관리 필요. Belief 에서 '집중 투자 리스크 관리 필요'를 명시했고, 시장 분석에서 '고거래량 하락'과 '밸류에이션 부담'이 확인되어 단기 조정 가능성에 대비해 수익을 일부 확정합니다.""}, {""turn"": 7, ""date"": ""2026-02-27"", ""action"": ""buy"", ""stock_code"": ""005930"", ""quantity"": 35, ""executed_price"": 210000.0, ""trade_value"": 7350000.0, ""status"": ""filled"", ""filled_quantity"": 35, ""action_reason"": ""기술적 지표상 MA5(200,920 원) 지지선이 유효하며, 국민연금 등 기관 자금의 매수 유보 신호와 HBM 호재로 상승 추세가 유지될 것으로 판단. 최근 고가 매수분 (218,000 원) 의 손실 보전을 위해 현재가 (210,000 원) 에서 제한적으로 매수하여 평균 단가를 낮추고 추세를 따릅니다.""}, {""turn"": 6, ""date"": ""2026-02-26"", ""action"": ""buy"", ""stock_code"": ""005930"", ""quantity"": 70, ""executed_price"": 218000.0, ""trade_value"": 15260000.0, ""status"": ""filled"", ""filled_quantity"": 70, ""action_reason"": ""기술적 돌파 신호 (MA5 이탈, 거래량 증가) 와 금리 안정 호재로 상승 추세 추종 결정. 외국인 매도세 우려는 차트 신뢰를 우선시하여 추세를 따름.""}]}"
simulation_20260706_151500,2026-02-27,8,A077,"[1936, 1937]",1937,오늘 삼성전자 2주 매수했습니다!,trade_share,unlike,"[""상위 수익자"", ""자산가""]","{""portfolio_summary"": {""state_id"": ""ps_A008_t008"", ""agent_id"": ""A008"", ""turn"": 8, ""date"": ""2026-02-27"", ""cash"": 455500.0, ""positions"": ""[{\""stock_code\"": \""005930\"", \""quantity\"": 504, \""avg_cost\"": 197508.92857142858, \""current_price\"": 216500.0, \""unrealized_pnl\"": 9571499.999999996, \""unrealized_pnl_rate\"": 0.09615297680936663}]"", ""total_value"": 109571500.0, ""realized_pnl"": 0.0, ""total_return_rate"": 0.095715, ""updated_at"": ""2026-07-06 06:43:42""}, ""recent_trades"": [{""turn"": 8, ""date"": ""2026-02-27"", ""action"": ""buy"", ""stock_code"": ""005930"", ""quantity"": 2, ""executed_price"": 216500.0, ""trade_value"": 433000.0, ""status"": ""filled"", ""filled_quantity"": 2, ""action_reason"": ""반도체 섹터 강세와 거래량 급증, MA5 지지 확인으로 상승 추세가 지속될 전망이다. 고위험 고수익 성향에 부합하여 추세를 따른다. 다만 현금 여력 부족으로 최대 거래 가능 현금 비율 (50%) 이내인 2주로 제한 매수한다.""}, {""turn"": 7, ""date"": ""2026-02-27"", ""action"": ""buy"", ""stock_code"": ""005930"", ""quantity"": 4, ""executed_price"": 210000.0, ""trade_value"": 840000.0, ""status"": ""filled"", ""filled_quantity"": 4, ""action_reason"": ""HBM4E 수혜와 기관 자금 유입으로 상승 모멘텀이 유효하며, 기술적 MA5(200,920 원) 지지선이 확인되어 매수 기회로 판단합니다. 보유 현금의 50% 이내 (4 주) 로 제한하여 매수하되, 현금 여력을 일부 유지하여 변동성 대응 능력을 확보합니다.""}, {""turn"": 6, ""date"": ""2026-02-26"", ""action"": ""buy"", ""stock_code"": ""005930"", ""quantity"": 7, ""executed_price"": 218000.0, ""trade_value"": 1526000.0, ""status"": ""filled"", ""filled_quantity"": 7, ""action_reason"": ""S26 호재와 금리 인하 기대, 기술적 돌파 신호 (거래량 증가) 로 상승 모멘텀이 지속될 것으로 판단하여 추세를 따라 매수합니다.""}]}"
simulation_20260706_151500,2026-03-03,10,A008,"[1939, 1941]",1939,손절 후 리스크 관리,trade_share,like,[],null
simulation_20260706_151500,2026-03-03,10,A008,"[1939, 1941]",1941,오늘 삼성전자 매수했습니다!,trade_share,unlike,"[""상위 수익자"", ""자산가"", ""커뮤니티 인플루언서""]",null
simulation_20260706_151500,2026-03-03,10,A044,"[1940, 1941]",1940,오늘 삼성전자 일부 매도했습니다.,trade_share,like,[],null
simulation_20260706_151500,2026-03-03,10,A044,"[1940, 1941]",1941,오늘 삼성전자 매수했습니다!,trade_share,unlike,"[""상위 수익자"", ""자산가"", ""커뮤니티 인플루언서""]",null
simulation_20260706_151500,2026-03-03,10,A077,"[1939, 1940]",1939,손절 후 리스크 관리,trade_share,like,[],"{""portfolio_summary"": {""state_id"": ""ps_A044_t010"", ""agent_id"": ""A044"", ""turn"": 10, ""date"": ""2026-03-03"", ""cash"": 32536500.0, ""positions"": ""[{\""stock_code\"": \""005930\"", \""quantity\"": 344, \""avg_cost\"": 201949.589361172, \""current_price\"": 195100.0, \""unrealized_pnl\"": -2356258.740243166, \""unrealized_pnl_rate\"": -0.03391732254984687}]"", ""total_value"": 99650900.0, ""realized_pnl"": 2007158.740243157, ""total_return_rate"": -0.003491, ""updated_at"": ""2026-07-06 06:50:41""}, ""recent_trades"": [{""turn"": 10, ""date"": ""2026-03-03"", ""action"": ""sell"", ""stock_code"": ""005930"", ""quantity"": 50, ""executed_price"": 195100.0, ""trade_value"": 9755000.0, ""status"": ""filled"", ""filled_quantity"": 50, ""action_reason"": ""MA5 이탈로 단기 하락 추세 확인 및 손실 상태이므로, 손절 원칙에 따라 보유 물량의 일부를 매도하여 리스크를 축소합니다.""}, {""turn"": 9, ""date"": ""2026-03-03"", ""action"": ""buy"", ""stock_code"": ""005930"", ""quantity"": 50, ""executed_price"": 209500.0, ""trade_value"": 10475000.0, ""status"": ""filled"", ""filled_quantity"": 50, ""action_reason"": ""MA5 지지선 (206,200 원) 이 현재가 (209,500 원) 상단에 유지되어 기술적 매수 기회로 판단. 외국인 매도 뉴스 충격에도 단기 조정 국면에서의 반등 기대.""}, {""turn"": 8, ""date"": ""2026-02-27"", ""action"": ""sell"", ""stock_code"": ""005930"", ""quantity"": 100, ""executed_price"": 216500.0, ""trade_value"": 21650000.0, ""status"": ""filled"", ""filled_quantity"": 100, ""action_reason"": ""신뢰할 수 있는 수익 실현과 집중 투자 리스크 관리 필요. Belief 에서 '집중 투자 리스크 관리 필요'를 명시했고, 시장 분석에서 '고거래량 하락'과 '밸류에이션 부담'이 확인되어 단기 조정 가능성에 대비해 수익을 일부 확정합니다.""}]}"
simulation_20260706_151500,2026-03-03,10,A077,"[1939, 1940]",1940,오늘 삼성전자 일부 매도했습니다.,trade_share,unlike,[],"{""portfolio_summary"": {""state_id"": ""ps_A008_t010"", ""agent_id"": ""A008"", ""turn"": 10, ""date"": ""2026-03-03"", ""cash"": 860100.0, ""positions"": ""[{\""stock_code\"": \""005930\"", \""quantity\"": 502, \""avg_cost\"": 197508.92857142858, \""current_price\"": 195100.0, \""unrealized_pnl\"": -1209282.142857147, \""unrealized_pnl_rate\"": -0.012196555309434514}]"", ""total_value"": 98800300.0, ""realized_pnl"": 9582.14285714284, ""total_return_rate"": -0.011997, ""updated_at"": ""2026-07-06 06:50:41""}, ""recent_trades"": [{""turn"": 10, ""date"": ""2026-03-03"", ""action"": ""sell"", ""stock_code"": ""005930"", ""quantity"": 1, ""executed_price"": 195100.0, ""trade_value"": 195100.0, ""status"": ""filled"", ""filled_quantity"": 1, ""action_reason"": ""MA5(206,620 원) 이탈로 단기 하락 추세 확인됨. MA20(179,605 원) 지지선까지 하락 시 재진입을 계획 중이므로, 현재 가격에서 일부 매도로 현금 확보 및 리스크 축소.""}, {""turn"": 9, ""date"": ""2026-03-03"", ""action"": ""sell"", ""stock_code"": ""005930"", ""quantity"": 1, ""executed_price"": 209500.0, ""trade_value"": 209500.0, ""status"": ""filled"", ""filled_quantity"": 1, ""action_reason"": ""외국인 대량 매도로 인한 단기 변동성 우려와 거래량 확대에 따른 매도 압력을 고려합니다. 또한 현금 45 만 원 보유로 대응력 제한이 우려되므로, 수익 일부 실현을 통해 현금 유동성을 확보하고 리스크를 관리합니다.""}, {""turn"": 8, ""date"": ""2026-02-27"", ""action"": ""buy"", ""stock_code"": ""005930"", ""quantity"": 2, ""executed_price"": 216500.0, ""trade_value"": 433000.0, ""status"": ""filled"", ""filled_quantity"": 2, ""action_reason"": ""반도체 섹터 강세와 거래량 급증, MA5 지지 확인으로 상승 추세가 지속될 전망이다. 고위험 고수익 성향에 부합하여 추세를 따른다. 다만 현금 여력 부족으로 최대 거래 가능 현금 비율 (50%) 이내인 2주로 제한 매수한다.""}]}"
simulation_20260706_151500,2026-03-04,12,A044,"[1942, 1943]",1942,오늘 삼성전자 일부 매도했습니다.,trade_share,like,[],null
simulation_20260706_151500,2026-03-04,12,A044,"[1942, 1943]",1943,지정학적 리스크 속 삼성전자의 내재가치 분석,analysis,unlike,"[""커뮤니티 인플루언서""]",null
simulation_20260706_151500,2026-03-04,12,A077,"[1942, 1944]",1942,오늘 삼성전자 일부 매도했습니다.,trade_share,like,[],"{""portfolio_summary"": {""state_id"": ""ps_A008_t012"", ""agent_id"": ""A008"", ""turn"": 12, ""date"": ""2026-03-04"", ""cash"": 17711700.0, ""positions"": ""[{\""stock_code\"": \""005930\"", \""quantity\"": 404, \""avg_cost\"": 197456.1153628118, \""current_price\"": 172200.0, \""unrealized_pnl\"": -10203470.60657597, \""unrealized_pnl_rate\"": -0.1279074862604557}]"", ""total_value"": 87280500.0, ""realized_pnl"": -2516029.393424038, ""total_return_rate"": -0.127195, ""updated_at"": ""2026-07-06 06:58:38""}, ""recent_trades"": [{""turn"": 12, ""date"": ""2026-03-04"", ""action"": ""sell"", ""stock_code"": ""005930"", ""quantity"": 100, ""executed_price"": 172200.0, ""trade_value"": 17220000.0, ""status"": ""filled"", ""filled_quantity"": 100, ""action_reason"": ""MA20 이탈로 하락 추세 명확하며, 손실 누적으로 인해 손절 원칙에 따라 일부 매도하여 리스크 관리.""}, {""turn"": 11, ""date"": ""2026-03-04"", ""action"": ""buy"", ""stock_code"": ""005930"", ""quantity"": 2, ""executed_price"": 184200.0, ""trade_value"": 368400.0, ""status"": ""filled"", ""filled_quantity"": 2, ""action_reason"": ""MA20 지지선 (179,605 원) 접근 시 기술적 반등 기회로 판단하며, 고위험 고수익 성향과 재진입 타이밍 놓칠까 봐 불안한 심리를 반영하여 제한적으로 매수합니다.""}, {""turn"": 10, ""date"": ""2026-03-03"", ""action"": ""sell"", ""stock_code"": ""005930"", ""quantity"": 1, ""executed_price"": 195100.0, ""trade_value"": 195100.0, ""status"": ""filled"", ""filled_quantity"": 1, ""action_reason"": ""MA5(206,620 원) 이탈로 단기 하락 추세 확인됨. MA20(179,605 원) 지지선까지 하락 시 재진입을 계획 중이므로, 현재 가격에서 일부 매도로 현금 확보 및 리스크 축소.""}]}"
simulation_20260706_151500,2026-03-04,12,A077,"[1942, 1944]",1944,오늘 삼성전자 매도 거래 공유합니다.,trade_share,like,[],"{""portfolio_summary"": {""state_id"": ""ps_A044_t012"", ""agent_id"": ""A044"", ""turn"": 12, ""date"": ""2026-03-04"", ""cash"": 70863900.0, ""positions"": ""[{\""stock_code\"": \""005930\"", \""quantity\"": 127, \""avg_cost\"": 201949.589361172, \""current_price\"": 172200.0, \""unrealized_pnl\"": -3778197.848868843, \""unrealized_pnl_rate\"": -0.14731195767854244}]"", ""total_value"": 92733300.0, ""realized_pnl"": -3488502.151131166, ""total_return_rate"": -0.072667, ""updated_at"": ""2026-07-06 06:58:38""}, ""recent_trades"": [{""turn"": 12, ""date"": ""2026-03-04"", ""action"": ""sell"", ""stock_code"": ""005930"", ""quantity"": 137, ""executed_price"": 172200.0, ""trade_value"": 23591400.0, ""status"": ""filled"", ""filled_quantity"": 137, ""action_reason"": ""기술적 하락 신호 (MA5, MA20 하단 이탈) 와 거래량 급증으로 매도 압력이 강하며, 손실 시 이성적으로 손절하는 성향에 따라 보유 물량의 약 50% 를 매도합니다.""}, {""turn"": 11, ""date"": ""2026-03-04"", ""action"": ""sell"", ""stock_code"": ""005930"", ""quantity"": 80, ""executed_price"": 184200.0, ""trade_value"": 14736000.0, ""status"": ""filled"", ""filled_quantity"": 80, ""action_reason"": ""MA5 이탈로 단기 하락 추세 확인 및 부정적 뉴스 헤드라인으로 공포심 반영. 손절 원칙과 특정 종목 집중 리스크 감소를 위해 보유 물량 일부 매도.""}, {""turn"": 10, ""date"": ""2026-03-03"", ""action"": ""sell"", ""stock_code"": ""005930"", ""quantity"": 50, ""executed_price"": 195100.0, ""trade_value"": 9755000.0, ""status"": ""filled"", ""filled_quantity"": 50, ""action_reason"": ""MA5 이탈로 단기 하락 추세 확인 및 손실 상태이므로, 손절 원칙에 따라 보유 물량의 일부를 매도하여 리스크를 축소합니다.""}]}"
simulation_20260706_151500,2026-03-04,12,A008,"[1943, 1944]",1943,지정학적 리스크 속 삼성전자의 내재가치 분석,analysis,like,"[""커뮤니티 인플루언서""]",null
simulation_20260706_151500,2026-03-04,12,A008,"[1943, 1944]",1944,오늘 삼성전자 매도 거래 공유합니다.,trade_share,like,[],null
simulation_20260706_151500,2026-03-05,14,A044,"[1946, 1947]",1946,오늘 삼성전자 일부 매도했습니다.,trade_share,like,[],null
simulation_20260706_151500,2026-03-05,14,A044,"[1946, 1947]",1947,오늘 삼성전자 추가 매수했습니다!,trade_share,unlike,"[""상위 수익자"", ""자산가""]",null
simulation_20260706_151500,2026-03-05,14,A008,"[1945, 1947]",1945,오늘 삼성전자 소량 매수했습니다.,trade_share,like,"[""커뮤니티 인플루언서""]",null
simulation_20260706_151500,2026-03-05,14,A008,"[1945, 1947]",1947,오늘 삼성전자 추가 매수했습니다!,trade_share,unlike,"[""상위 수익자"", ""자산가""]",null
simulation_20260706_151500,2026-03-05,14,A077,"[1945, 1946]",1945,오늘 삼성전자 소량 매수했습니다.,trade_share,read,"[""커뮤니티 인플루언서""]","{""portfolio_summary"": {""state_id"": ""ps_A044_t014"", ""agent_id"": ""A044"", ""turn"": 14, ""date"": ""2026-03-05"", ""cash"": 76468900.0, ""positions"": ""[{\""stock_code\"": \""005930\"", \""quantity\"": 100, \""avg_cost\"": 191600.0, \""current_price\"": 191600.0, \""unrealized_pnl\"": 0.0, \""unrealized_pnl_rate\"": 0.0}]"", ""total_value"": 95628900.0, ""realized_pnl"": -4371100.000000009, ""total_return_rate"": -0.043711, ""updated_at"": ""2026-07-06 07:04:46""}, ""recent_trades"": [{""turn"": 14, ""date"": ""2026-03-05"", ""action"": ""buy"", ""stock_code"": ""005930"", ""quantity"": 100, ""executed_price"": 191600.0, ""trade_value"": 19160000.0, ""status"": ""filled"", ""filled_quantity"": 100, ""action_reason"": ""MA5 저항선 미돌파와 거래량 감소로 관망이 원칙이나, 시스템 제약으로 강제 매수. 반도체 테마와 기관 매수세는 유지되므로 소량 진입하여 추이 확인. 과거 성과가 낮아 리스크 관리에 중점을 둡니다.""}, {""turn"": 13, ""date"": ""2026-03-05"", ""action"": ""sell"", ""stock_code"": ""005930"", ""quantity"": 127, ""executed_price"": 195000.0, ""trade_value"": 24765000.0, ""status"": ""filled"", ""filled_quantity"": 127, ""action_reason"": ""기술적 하락 추세 (MA5 저항) 유지 및 손실 구간이므로 원칙에 따라 손절 매도합니다. 집중 리스크 감소 및 현금 유동성 확보를 위해 전량 매도합니다.""}, {""turn"": 12, ""date"": ""2026-03-04"", ""action"": ""sell"", ""stock_code"": ""005930"", ""quantity"": 137, ""executed_price"": 172200.0, ""trade_value"": 23591400.0, ""status"": ""filled"", ""filled_quantity"": 137, ""action_reason"": ""기술적 하락 신호 (MA5, MA20 하단 이탈) 와 거래량 급증으로 매도 압력이 강하며, 손실 시 이성적으로 손절하는 성향에 따라 보유 물량의 약 50% 를 매도합니다.""}]}"
simulation_20260706_151500,2026-03-05,14,A077,"[1945, 1946]",1946,오늘 삼성전자 일부 매도했습니다.,trade_share,like,[],"{""portfolio_summary"": {""state_id"": ""ps_A008_t014"", ""agent_id"": ""A008"", ""turn"": 14, ""date"": ""2026-03-05"", ""cash"": 29071700.0, ""positions"": ""[{\""stock_code\"": \""005930\"", \""quantity\"": 344, \""avg_cost\"": 197234.84370850443, \""current_price\"": 191600.0, \""unrealized_pnl\"": -1938386.2357255232, \""unrealized_pnl_rate\"": -0.028569210199148314}]"", ""total_value"": 94982100.0, ""realized_pnl"": -3079513.7642744808, ""total_return_rate"": -0.050179, ""updated_at"": ""2026-07-06 07:04:46""}, ""recent_trades"": [{""turn"": 14, ""date"": ""2026-03-05"", ""action"": ""sell"", ""stock_code"": ""005930"", ""quantity"": 100, ""executed_price"": 191600.0, ""trade_value"": 19160000.0, ""status"": ""filled"", ""filled_quantity"": 100, ""action_reason"": ""기술적 하락 신호 (거래량 감소, MA5 저항) 및 과열 밸류에이션으로 단기 조정 리스크가 큽니다. 고점 매수 (195,000 원) 로 인한 손실 구간에서 추격 매수보다는 손절 원칙에 따라 일부 매도하여 리스크를 축소합니다.""}, {""turn"": 13, ""date"": ""2026-03-05"", ""action"": ""buy"", ""stock_code"": ""005930"", ""quantity"": 40, ""executed_price"": 195000.0, ""trade_value"": 7800000.0, ""status"": ""filled"", ""filled_quantity"": 40, ""action_reason"": ""오늘 시가 13% 급등 및 MA20 돌파 등 기술적 반등 신호가 강하며, 고위험 고수익 성향에 따라 단기 변동성 수익 기회를 포착합니다. 현재가 평균 단가에 근접하여 손실 축소 가능성이 있습니다.""}, {""turn"": 12, ""date"": ""2026-03-04"", ""action"": ""sell"", ""stock_code"": ""005930"", ""quantity"": 100, ""executed_price"": 172200.0, ""trade_value"": 17220000.0, ""status"": ""filled"", ""filled_quantity"": 100, ""action_reason"": ""MA20 이탈로 하락 추세 명확하며, 손실 누적으로 인해 손절 원칙에 따라 일부 매도하여 리스크 관리.""}]}"
simulation_20260706_151500,2026-03-06,16,A077,"[1948, 1950]",1948,오늘 삼성전자 매수했습니다!,trade_share,read,[],"{""portfolio_summary"": {""state_id"": ""ps_A008_t016"", ""agent_id"": ""A008"", ""turn"": 16, ""date"": ""2026-03-06"", ""cash"": 10356700.0, ""positions"": ""[{\""stock_code\"": \""005930\"", \""quantity\"": 444, \""avg_cost\"": 194963.4825128953, \""current_price\"": 188200.0, \""unrealized_pnl\"": -3002986.2357255174, \""unrealized_pnl_rate\"": -0.03469102226591566}]"", ""total_value"": 93917500.0, ""realized_pnl"": -3079513.7642744808, ""total_return_rate"": -0.060825, ""updated_at"": ""2026-07-06 07:12:01""}, ""recent_trades"": [{""turn"": 16, ""date"": ""2026-03-06"", ""action"": ""buy"", ""stock_code"": ""005930"", ""quantity"": 50, ""executed_price"": 188200.0, ""trade_value"": 9410000.0, ""status"": ""filled"", ""filled_quantity"": 50, ""action_reason"": ""MA20(183,625 원) 지지선 부근에서 기술적 반등 신호가 확인되고, 갤럭시 S26 예약 물량 및 자사주 소각 호재로 기본적 상승 동력이 유효하다고 판단합니다. 현재 미실현 손실 상태이므로 평균 단가 하향을 위한 매수 기회를 포착합니다.""}, {""turn"": 15, ""date"": ""2026-03-06"", ""action"": ""buy"", ""stock_code"": ""005930"", ""quantity"": 50, ""executed_price"": 186100.0, ""trade_value"": 9305000.0, ""status"": ""filled"", ""filled_quantity"": 50, ""action_reason"": ""AI 칩 및 HBM4 수요 등 중장기 기본적 호재 유효하며, 현재가 186,100 원이 MA20(181,735 원) 지지선 부근에 위치하여 매수 기회로 판단. 고위험 고수익 성향에 따라 현금 여력을 활용하여 평균 단가(197,235 원) 하향 조정 시도.""}, {""turn"": 14, ""date"": ""2026-03-05"", ""action"": ""sell"", ""stock_code"": ""005930"", ""quantity"": 100, ""executed_price"": 191600.0, ""trade_value"": 19160000.0, ""status"": ""filled"", ""filled_quantity"": 100, ""action_reason"": ""기술적 하락 신호 (거래량 감소, MA5 저항) 및 과열 밸류에이션으로 단기 조정 리스크가 큽니다. 고점 매수 (195,000 원) 로 인한 손실 구간에서 추격 매수보다는 손절 원칙에 따라 일부 매도하여 리스크를 축소합니다.""}]}"
simulation_20260706_151500,2026-03-06,16,A077,"[1948, 1950]",1950,삼성전자 오늘 매수했습니다!,trade_share,like,"[""커뮤니티 인플루언서""]","{""portfolio_summary"": {""state_id"": ""ps_A044_t016"", ""agent_id"": ""A044"", ""turn"": 16, ""date"": ""2026-03-06"", ""cash"": 57438900.0, ""positions"": ""[{\""stock_code\"": \""005930\"", \""quantity\"": 200, \""avg_cost\"": 188200.0, \""current_price\"": 188200.0, \""unrealized_pnl\"": 0.0, \""unrealized_pnl_rate\"": 0.0}]"", ""total_value"": 95078900.0, ""realized_pnl"": -4921100.000000009, ""total_return_rate"": -0.049211, ""updated_at"": ""2026-07-06 07:12:01""}, ""recent_trades"": [{""turn"": 16, ""date"": ""2026-03-06"", ""action"": ""buy"", ""stock_code"": ""005930"", ""quantity"": 200, ""executed_price"": 188200.0, ""trade_value"": 37640000.0, ""status"": ""filled"", ""filled_quantity"": 200, ""action_reason"": ""MA20(183,625 원) 지지선 부근에서 기술적 반등 기회로 판단. 갤럭시 S26 호조 등 긍정적 헤드라인 뉴스가 안정적 자산 선호 성향과 부합. 과거 낮은 투자 성과로 인해 전량 매수보다는 현금 비중을 고려해 제한적으로 진입.""}, {""turn"": 15, ""date"": ""2026-03-06"", ""action"": ""sell"", ""stock_code"": ""005930"", ""quantity"": 100, ""executed_price"": 186100.0, ""trade_value"": 18610000.0, ""status"": ""filled"", ""filled_quantity"": 100, ""action_reason"": ""단기 조정 우려와 기술적 약세 (MA5 하회) 로 리스크 관리가 최우선입니다. 어제 매수 실수를 인정하고 손절 원칙에 따라 매도합니다. MA20 지지 확인 전까지는 현금 보유가 안전합니다.""}, {""turn"": 14, ""date"": ""2026-03-05"", ""action"": ""buy"", ""stock_code"": ""005930"", ""quantity"": 100, ""executed_price"": 191600.0, ""trade_value"": 19160000.0, ""status"": ""filled"", ""filled_quantity"": 100, ""action_reason"": ""MA5 저항선 미돌파와 거래량 감소로 관망이 원칙이나, 시스템 제약으로 강제 매수. 반도체 테마와 기관 매수세는 유지되므로 소량 진입하여 추이 확인. 과거 성과가 낮아 리스크 관리에 중점을 둡니다.""}]}"
simulation_20260706_151500,2026-03-06,16,A008,"[1949, 1950]",1949,거시 리스크와 삼성전자 실적 호조에 대한 생각,analysis,like,"[""상위 수익자"", ""자산가""]",null
simulation_20260706_151500,2026-03-06,16,A008,"[1949, 1950]",1950,삼성전자 오늘 매수했습니다!,trade_share,unlike,"[""커뮤니티 인플루언서""]",null
simulation_20260706_151500,2026-03-06,16,A044,"[1948, 1949]",1948,오늘 삼성전자 매수했습니다!,trade_share,unlike,[],null
simulation_20260706_151500,2026-03-06,16,A044,"[1948, 1949]",1949,거시 리스크와 삼성전자 실적 호조에 대한 생각,analysis,like,"[""상위 수익자"", ""자산가""]",null
simulation_20260706_151500,2026-03-09,18,A008,"[1951, 1953]",1951,오늘 소량 매도했습니다.,trade_share,like,[],null
simulation_20260706_151500,2026-03-09,18,A008,"[1951, 1953]",1953,오늘 삼성전자 매도했습니다.,trade_share,unlike,"[""커뮤니티 인플루언서""]",null
simulation_20260706_151500,2026-03-09,18,A077,"[1952, 1953]",1952,오늘 삼성전자 일부 매도했습니다.,trade_share,like,[],"{""portfolio_summary"": {""state_id"": ""ps_A008_t018"", ""agent_id"": ""A008"", ""turn"": 18, ""date"": ""2026-03-09"", ""cash"": 67438200.0, ""positions"": ""[{\""stock_code\"": \""005930\"", \""quantity\"": 115, \""avg_cost\"": 194963.4825128953, \""current_price\"": 173500.0, \""unrealized_pnl\"": -2468300.4889829606, \""unrealized_pnl_rate\"": -0.11008975750869483}]"", ""total_value"": 87390700.0, ""realized_pnl"": -10140999.511017038, ""total_return_rate"": -0.126093, ""updated_at"": ""2026-07-06 07:20:36""}, ""recent_trades"": [{""turn"": 18, ""date"": ""2026-03-09"", ""action"": ""sell"", ""stock_code"": ""005930"", ""quantity"": 129, ""executed_price"": 173500.0, ""trade_value"": 22381500.0, ""status"": ""filled"", ""filled_quantity"": 129, ""action_reason"": ""하락 추세와 지정학적 악재로 인해 추가 조정 가능성이 높다고 판단하여, 기술적 지표 (이동평균선 이탈) 와 뉴스 리스크를 고려해 보유 물량의 약 50%를 매도합니다.""}, {""turn"": 17, ""date"": ""2026-03-09"", ""action"": ""sell"", ""stock_code"": ""005930"", ""quantity"": 200, ""executed_price"": 173500.0, ""trade_value"": 34700000.0, ""status"": ""filled"", ""filled_quantity"": 200, ""action_reason"": ""MA20 하향 돌파로 하락 추세 전환 확인 및 거시 악재 (원화 약세, 에너지 가격 상승) 가 호재보다 우세하여 방어적 관점 필요. 과거 평균 단가 하향 실패 경험을 반영하여 손실 확대 방지.""}, {""turn"": 16, ""date"": ""2026-03-06"", ""action"": ""buy"", ""stock_code"": ""005930"", ""quantity"": 50, ""executed_price"": 188200.0, ""trade_value"": 9410000.0, ""status"": ""filled"", ""filled_quantity"": 50, ""action_reason"": ""MA20(183,625 원) 지지선 부근에서 기술적 반등 신호가 확인되고, 갤럭시 S26 예약 물량 및 자사주 소각 호재로 기본적 상승 동력이 유효하다고 판단합니다. 현재 미실현 손실 상태이므로 평균 단가 하향을 위한 매수 기회를 포착합니다.""}]}"
simulation_20260706_151500,2026-03-09,18,A077,"[1952, 1953]",1953,오늘 삼성전자 매도했습니다.,trade_share,like,"[""커뮤니티 인플루언서""]","{""portfolio_summary"": {""state_id"": ""ps_A044_t018"", ""agent_id"": ""A044"", ""turn"": 18, ""date"": ""2026-03-09"", ""cash"": 92138900.0, ""positions"": ""[]"", ""total_value"": 92138900.0, ""realized_pnl"": -7861100.000000009, ""total_return_rate"": -0.078611, ""updated_at"": ""2026-07-06 07:20:36""}, ""recent_trades"": [{""turn"": 18, ""date"": ""2026-03-09"", ""action"": ""sell"", ""stock_code"": ""005930"", ""quantity"": 35, ""executed_price"": 173500.0, ""trade_value"": 6072500.0, ""status"": ""filled"", ""filled_quantity"": 35, ""action_reason"": ""기술적 지표 (MA5, MA20 하단) 와 지정학적 리스크로 단기 하락 추세가 명확하며, 뉴스 헤드라인에서도 불안감이 지속됩니다. 현재 보유 주식은 미실현 손실 상태이므로, 손절 원칙에 따라 매도하여 현금 비중을 높이고 방어적 포지션을 유지합니다.""}, {""turn"": 17, ""date"": ""2026-03-09"", ""action"": ""sell"", ""stock_code"": ""005930"", ""quantity"": 165, ""executed_price"": 173500.0, ""trade_value"": 28627500.0, ""status"": ""filled"", ""filled_quantity"": 165, ""action_reason"": ""기술적 지표 (MA5, MA20 하회) 와 거래량 감소로 하락 추세 지속 우려. 뉴스의 국가 경쟁력 악재에 대한 불안감으로 방어적 매도 실행.""}, {""turn"": 16, ""date"": ""2026-03-06"", ""action"": ""buy"", ""stock_code"": ""005930"", ""quantity"": 200, ""executed_price"": 188200.0, ""trade_value"": 37640000.0, ""status"": ""filled"", ""filled_quantity"": 200, ""action_reason"": ""MA20(183,625 원) 지지선 부근에서 기술적 반등 기회로 판단. 갤럭시 S26 호조 등 긍정적 헤드라인 뉴스가 안정적 자산 선호 성향과 부합. 과거 낮은 투자 성과로 인해 전량 매수보다는 현금 비중을 고려해 제한적으로 진입.""}]}"
simulation_20260706_151500,2026-03-09,18,A044,"[1951, 1952]",1951,오늘 소량 매도했습니다.,trade_share,like,[],null
simulation_20260706_151500,2026-03-09,18,A044,"[1951, 1952]",1952,오늘 삼성전자 일부 매도했습니다.,trade_share,like,[],null
simulation_20260706_151500,2026-03-10,20,A044,"[1954, 1956]",1954,오늘 삼성전자 매수했습니다!,trade_share,unlike,"[""상위 수익자"", ""자산가"", ""커뮤니티 인플루언서""]",null
simulation_20260706_151500,2026-03-10,20,A044,"[1954, 1956]",1956,삼성전자 반등 신호와 거래량 부족에 대한 생각,analysis,like,[],null
simulation_20260706_151500,2026-03-10,20,A077,"[1955, 1956]",1955,삼성전자 기술적 지지선과 현재 시장 상황 분석,analysis,read,[],"{""portfolio_summary"": {""state_id"": ""ps_A044_t020"", ""agent_id"": ""A044"", ""turn"": 20, ""date"": ""2026-03-10"", ""cash"": 54603900.0, ""positions"": ""[{\""stock_code\"": \""005930\"", \""quantity\"": 200, \""avg_cost\"": 187675.0, \""current_price\"": 187900.0, \""unrealized_pnl\"": 45000.0, \""unrealized_pnl_rate\"": 0.0011988810443585986}]"", ""total_value"": 92183900.0, ""realized_pnl"": -7861100.000000009, ""total_return_rate"": -0.078161, ""updated_at"": ""2026-07-06 07:28:07""}, ""recent_trades"": [{""turn"": 20, ""date"": ""2026-03-10"", ""action"": ""buy"", ""stock_code"": ""005930"", ""quantity"": 50, ""executed_price"": 187900.0, ""trade_value"": 9395000.0, ""status"": ""filled"", ""filled_quantity"": 50, ""action_reason"": ""기술적 지표 (MA5, MA20) 가 주가를 지지하고 있어 단기 반등 가능성이 열려 있습니다. 당일 뉴스는 중립이나, 커뮤니티 공포는 과잉 반응으로 판단됩니다. 현재가 매수 단가 대비 소폭 상승하여 손실 방어에 성공한 상태이므로, 기술적 신호를 신뢰하여 소량 추가 매수합니다.""}, {""turn"": 19, ""date"": ""2026-03-10"", ""action"": ""buy"", ""stock_code"": ""005930"", ""quantity"": 150, ""executed_price"": 187600.0, ""trade_value"": 28140000.0, ""status"": ""filled"", ""filled_quantity"": 150, ""action_reason"": ""기술적 지표 (MA5, MA20) 가 지지하고 있으나 뉴스 악재 (기밀 유출 등) 로 인해 불확실성이 높습니다. 시스템상 매수 강제 조건에 따라 제한적 수량 (150 주) 으로 진입하여 리스크를 관리합니다.""}, {""turn"": 18, ""date"": ""2026-03-09"", ""action"": ""sell"", ""stock_code"": ""005930"", ""quantity"": 35, ""executed_price"": 173500.0, ""trade_value"": 6072500.0, ""status"": ""filled"", ""filled_quantity"": 35, ""action_reason"": ""기술적 지표 (MA5, MA20 하단) 와 지정학적 리스크로 단기 하락 추세가 명확하며, 뉴스 헤드라인에서도 불안감이 지속됩니다. 현재 보유 주식은 미실현 손실 상태이므로, 손절 원칙에 따라 매도하여 현금 비중을 높이고 방어적 포지션을 유지합니다.""}]}"
simulation_20260706_151500,2026-03-10,20,A077,"[1955, 1956]",1956,삼성전자 반등 신호와 거래량 부족에 대한 생각,analysis,unlike,[],"{""portfolio_summary"": {""state_id"": ""ps_A008_t020"", ""agent_id"": ""A008"", ""turn"": 20, ""date"": ""2026-03-10"", ""cash"": 70222200.0, ""positions"": ""[{\""stock_code\"": \""005930\"", \""quantity\"": 100, \""avg_cost\"": 187900.0, \""current_price\"": 187900.0, \""unrealized_pnl\"": 0.0, \""unrealized_pnl_rate\"": 0.0}]"", ""total_value"": 89012200.0, ""realized_pnl"": -10987799.999999998, ""total_return_rate"": -0.109878, ""updated_at"": ""2026-07-06 07:28:07""}, ""recent_trades"": [{""turn"": 20, ""date"": ""2026-03-10"", ""action"": ""buy"", ""stock_code"": ""005930"", ""quantity"": 100, ""executed_price"": 187900.0, ""trade_value"": 18790000.0, ""status"": ""filled"", ""filled_quantity"": 100, ""action_reason"": ""MA5/20 돌파로 기술적 반등 신호가 유효하나 거래량 감소로 신뢰도는 낮음. 커뮤니티 공포와 주가 반등 불일치로 역발상 매수 기회로 판단. 고위험 성향이지만 과거 성과 부진과 거래량 부족을 고려해 제한적 수량 진입.""}, {""turn"": 19, ""date"": ""2026-03-10"", ""action"": ""sell"", ""stock_code"": ""005930"", ""quantity"": 115, ""executed_price"": 187600.0, ""trade_value"": 21574000.0, ""status"": ""filled"", ""filled_quantity"": 115, ""action_reason"": ""MA5/20 돌파로 반등 신호가 있으나 외국인 매도세 지속으로 변동성 확대 우려가 큼. 과거 투자 성과가 낮아 신중한 접근이 필요하며, 방어적 관점에서 포지션 청산으로 손실 최소화.""}, {""turn"": 18, ""date"": ""2026-03-09"", ""action"": ""sell"", ""stock_code"": ""005930"", ""quantity"": 129, ""executed_price"": 173500.0, ""trade_value"": 22381500.0, ""status"": ""filled"", ""filled_quantity"": 129, ""action_reason"": ""하락 추세와 지정학적 악재로 인해 추가 조정 가능성이 높다고 판단하여, 기술적 지표 (이동평균선 이탈) 와 뉴스 리스크를 고려해 보유 물량의 약 50%를 매도합니다.""}]}"
simulation_20260706_151500,2026-03-10,20,A008,"[1954, 1955]",1954,오늘 삼성전자 매수했습니다!,trade_share,unlike,"[""상위 수익자"", ""자산가"", ""커뮤니티 인플루언서""]",null
simulation_20260706_151500,2026-03-10,20,A008,"[1954, 1955]",1955,삼성전자 기술적 지지선과 현재 시장 상황 분석,analysis,like,[],null
