run_id,date,turn,agent_id,decision_date,market_features_date,news_start_date,news_start_time,news_max_date,news_end_time,execution_date,information_mode,news_depth,selected_news_count,read_news_count,search_read_count,depth2_search_keywords,depth2_search_result_count,depth2_view_change,news_sentiment,action,quantity,order_type,price,submitted_order,belief_summary,view_change,decision_reason,risk_control,order_corrections
simulation_20260701_180301,2026-04-24,1,A017,2026-04-24,2026-04-23,2026-04-23,15:30,2026-04-24,15:30,2026-04-24,pre_close_cutoff,0,3,0,0,,,,mixed,buy,133,limit,222000.0,True,"기술적 지표는 상승 추세를 보여주지만, 노사 갈등과 기술 유출이라는 악재가 단기 심리를 억누르고 있습니다. 반도체 섹터 전반의 긍정적 모멘텀을 고려해 중립에서 약간 긍정적으로 기울었으나, 확신이 부족해 당분간 관망하며 추가 신호를 확인할 예정입니다.","이전 Belief는 완전한 중립이었으나, 오늘 주가 상승(3.22%)과 거래량 증가, 5일선 돌파 등 기술적 신호가 긍정적으로 나타나면서 중립에서 약간 긍정적인 쪽으로 미세 조정되었습니다. 다만 뉴스 악재가 혼재되어 있어 큰 방향 전환은 하지 않았습니다. 즉, '유지'보다는 '미세 조정'에 가깝습니다.","기술적 지표(5일선 돌파, 거래량 증가)가 상승 추세를 지지하고, 반도체 섹터 모멘텀이 긍정적이어서 소량 매수로 진입합니다. 다만 노조 파업 리스크와 기술 유출 악재, 단기 급등 부담이 있어 추격 매수는 피하고 전일 종가(224,500원)보다 낮은 222,000원에 지정가 주문하여 조정 시 매수 기회를 노립니다. 현재 현금 100% 보유 상태로, 초기 분할 매수를 통해 리스크를 분산하고자 합니다.","최대 매수 금액을 현금의 약 30%(약 3천만 원)로 제한하여 초기 진입 리스크를 낮춥니다. 매수 후 추가 하락 시 추가 매수 여력을 남겨두고, 파업이나 악재 발생 시 손절가를 5% 하락한 약 213,000원으로 설정할 계획입니다.",
simulation_20260701_180301,2026-04-24,1,A046,2026-04-24,2026-04-23,2026-04-23,15:30,2026-04-24,15:30,2026-04-24,pre_close_cutoff,1,4,10,0,,,,mixed,buy,100,limit,222000.0,True,"1분기 실적 호조와 반도체 업황 호조가 주가를 지지하나, 노조 파업 리스크와 기술 유출이 단기적 불확실성입니다. 기술적 지표(MA5, MA20 상회)는 상승 추세를 확인해주므로, 단기적으로는 긍정적 관점을 유지하되 변동성에 대비해야 합니다.",기존 중립적 관점에서 약간 긍정적으로 변경했습니다. 1분기 어닝 서프라이즈와 주가 상승(3.22%) 및 기술적 지표 개선이 악재를 상쇄할 가능성이 있다고 판단했기 때문입니다.,"기술적 지표(MA5, MA20 상회)와 1분기 어닝 서프라이즈가 단기 상승 추세를 지지하며, 반도체 업황 호조와 금리 인하 기대감이 긍정적 요인입니다. 노조 리스크와 기술 유출 이슈가 불확실성을 키우지만, 주가가 과도하게 상승하지 않아 진입 부담이 낮고, 현금 100% 보유 상태에서 기회비용을 고려해 일부 매수로 포지션을 구축합니다. 다만 확신도가 낮아 보수적으로 접근합니다.","노조 파업 리스크와 기술 유출 이슈로 인한 단기 변동성에 대비해 매수 금액을 max_single_trade_cash(5,000만원)의 절반 이하로 제한하고, 현금 비중을 70% 이상 유지합니다. 손실 가능성을 고려해 추격 매수는 피하고, 추가 조정 시 재진입할 여력을 남깁니다.",
simulation_20260701_180301,2026-04-24,1,A040,2026-04-24,2026-04-23,2026-04-23,15:30,2026-04-24,15:30,2026-04-24,pre_close_cutoff,1,3,10,0,,,,mixed,buy,222,limit,224500.0,True,"어닝서프라이즈와 반도체 수급 호조가 추세를 지지하나, 노조 리스크와 기술 유출이 단기 변동성을 키울 수 있다. 기술적 지표(5일선 위 안착, 거래량 급증)를 긍정적 신호로 보고 추세 추종 기조를 유지한다.","이전에는 중립적 관점을 유지했으나, 오늘 1분기 실적 서프라이즈와 반도체 테마 강세를 확인하며 단기 상승 전망으로 방향성을 조정했다. 다만 노조 및 기술 유출 리스크를 완전히 무시할 수 없어 확신은 '중간' 수준이다.","오늘의 Belief와 시장 분석에서 1분기 어닝서프라이즈와 반도체 테마 강세가 단기 상승 추세를 지지하는 핵심 신호로 판단했다. 전일 3.2% 상승, 5일선(218,300원) 및 20일선(200,772원) 위 안착, 거래량 증가 등 기술적 지표가 긍정적이다. 고위험 고수익 성향과 현금 100% 보유 상태를 고려, 추세 추종 매수로 방향을 결정했다. 다만 노조 리스크와 기술 유출 이슈가 단기 변동성을 키울 수 있어 신중하게 접근한다.","단일 매수 금액을 max_single_trade_cash(50,000,000원) 이내로 제한하고, 보유 현금의 절반만 사용해 현금 비중을 유지한다. 5일선(218,300원) 이탈 시 추가 매수 계획을 중단하고 손절 기준을 설정할 예정이다. 20일 변동성(4.23%)을 고려해 급등 후 조정 가능성에 대비하며, 분할 매수 전략을 통해 리스크를 분산한다.",
simulation_20260701_180301,2026-04-24,1,A035,2026-04-24,2026-04-23,2026-04-23,15:30,2026-04-24,15:30,2026-04-24,pre_close_cutoff,0,4,0,0,,,,mixed,buy,111,limit,223000.0,True,"기술 유출 악재에도 반도체 섹터 훈풍과 주주 행동주의가 긍정적으로 작용해, 단기적으로 완만한 상승을 예상합니다. 기술적 지표가 우호적이므로 중립에서 소폭 긍정으로 관점을 조정합니다.","기존 중립 관점에서 미세하게 긍정으로 전환했습니다. 주요 변화 요인은 거래량을 동반한 주가 상승과 반도체 테마 강세로, 기술 유출 부정적 뉴스를 어느 정도 상쇄한다고 판단했습니다. 커뮤니티 분위기를 확인하지 못해 확신은 중간 수준입니다.","기술적 지표(5일·20일 이동평균 상회, 거래량 증가)와 반도체 섹터 테마 상승이 긍정적이며, 주주 파업 저지 뉴스가 악재를 일부 상쇄합니다. 단기 완만한 상승 기대에 따라 매수를 결정했으나, 기술 유출 리스크와 변동성(4.23%)을 고려해 추격 매수 대신 전일 종가 대비 소폭 낮은 가격(1.5% 할인)으로 지정가 주문하여 리스크를 제어했습니다.","단일 매수 금액이 전체 현금의 약 25%(약 24,753,000원)로 제한되어 있어 max_single_trade_cash(50,000,000원) 및 max_buy_quantity(222주)를 준수하며, 초기 진입 단계로 집중 매수를 피하고 현금 비중(약 75%)을 유지합니다. 추가 하락 시 분할 매수 기회를 남기며, 손실 가능성에 대비해 과도한 베팅을 자제했습니다.",
simulation_20260701_180301,2026-04-24,1,A031,2026-04-24,2026-04-23,2026-04-23,15:30,2026-04-24,15:30,2026-04-24,pre_close_cutoff,1,4,10,0,,,,mixed,buy,100,limit,224000.0,True,"삼성전자는 실적 호조 대비 저평가되어 있으나, 노조 파업과 기술 유출이라는 불확실성이 단기 변동성을 키우고 있습니다. 저평가를 믿으며 관망하는 전략이 적절하며, 추가 악재가 없다면 점진적 매수 기회를 찾는 것이 합리적입니다.","기존 중립적 관점에서 실적 호재 확인으로 긍정적으로 기울었지만, 동시에 노조 리스크와 기술 유출이라는 악재를 인지하게 되었습니다. 결과적으로 중립 유지에 가깝지만, 악재의 심각성을 새롭게 평가하여 방어적 관점이 추가되었습니다.","삼성전자는 내재가치 대비 저평가되었으나 노조 파업 리스크와 기술 유출 불확실성이 혼재되어 단기 방향성이 명확하지 않습니다. 저평가 신념과 실적 호재를 감안하여 소량 매수로 포지션을 구축하나, 불확실성을 고려해 보수적인 수량과 가격을 설정했습니다. 핵심 근거는 밸류에이션 매력과 뉴스 혼조입니다.",매수 금액은 전체 현금의 22.4%로 제한하여 하방 리스크 관리. 노조 파업 및 기술 유출 관련 추가 악재 발생 시 추가 매수 보류 및 현금 비중 유지. 목표 저평가 해소 시까지 분할 매수 전략 유지.,
simulation_20260701_180301,2026-04-24,1,A096,2026-04-24,2026-04-23,2026-04-23,15:30,2026-04-24,15:30,2026-04-24,pre_close_cutoff,0,4,0,0,,,,negative,buy,100,limit,218300.0,True,"단기 악재(파업·기술유출)로 주가에 하방 압력이 있지만, 기술적 지표(5일선·20일선)는 여전히 우상향 중이므로 급락 시 분할 매수 기회를 엿보는 전략이 필요합니다. 중립적 시각을 유지하며 추가 데이터를 확인하겠습니다.",초기 중립적 관점에서 부정적 뉴스(파업·기술유출)가 추가되어 단기 전망을 소폭 하향 조정했습니다. 다만 시스템 반도체 테마 강세와 기술적 지표 지지선이 유지되고 있어 완전한 비관으로 전환하지는 않았습니다.,"기술적 지표(5일선 218,300원)의 지지력 확인, 부정적 뉴스(파업·기술유출)로 인한 단기 하락 가능성을 감안하여 지지선 근처에서 분할 매수. 시스템 반도체 테마 강세와 20일선(200,772원) 우상향 추세가 유지되어 완전한 비관은 아니며, 현금 100% 보유 상태에서 충분한 여력 확보.","매수 금액은 전체 현금의 약 22%로 보수적 분산 유지(100주 × 218,300원 = 21,830,000원, max_single_trade_cash 50,000,000원 이내). 5일선 이탈 시 추가 하락 가능성 대비하여 추가 매수는 20일선 근처로 제한하고, 손절 기준은 5% 하락 시 재평가.",
simulation_20260701_180301,2026-04-24,1,A039,2026-04-24,2026-04-23,2026-04-23,15:30,2026-04-24,15:30,2026-04-24,pre_close_cutoff,1,4,10,0,,,,mixed,buy,2000,limit,227000.0,True,"삼성전자 1분기 어닝 서프라이즈와 AI 반도체 수요 확대가 단기 노조 리스크를 압도하는 강력한 상승 동력이다. 기술적 지표도 상승 추세를 지지하며, 저가 매수 기회로 판단한다.","초기 중립적 관점에서 적극 매수 관점으로 전환했다. 1분기 실적이 예상을 크게 상회했고, 반도체 테마 전반의 강세가 확인됐으며, 노조 리스크는 오히려 실적 호황을 재확인해주는 재료로 해석했다.",1분기 어닝 서프라이즈와 AI 반도체 수요 확대가 강력한 모멘텀. 기술적 지표(5일선·20일선 상회)와 거래량 증가가 상승 추세 지지. 노조 리스크는 단기 악재이나 실적 장세 속 희석 가능. 현금 100% 보유 상태에서 적극적 매수 기회.,단일 매수 금액을 전체 현금의 45.4%로 제한하여 일부 현금 유지(54.6% 보유). 손절가 추후 설정 예정이나 현재는 보유 전략. 변동성 리스크 고려하나 추세 강하므로 단기 조정 시 추가 매수 기회로 활용.,
simulation_20260701_180301,2026-04-24,1,A002,2026-04-24,2026-04-23,2026-04-23,15:30,2026-04-24,15:30,2026-04-24,pre_close_cutoff,1,3,10,0,,,,mixed,buy,178,limit,218000.0,True,"삼성전자 1분기 실적은 인상적이지만, 노사 갈등과 기술 유출 리스크가 상존하므로 신중한 접근이 필요합니다. 단기 상승 가능성보다는 중장기적 관점에서 리스크를 관리하며 시장을 관망하겠습니다.","이전 중립적 관점에서 실적 호조를 반영한 '조심스러운 긍정'으로 변경되었습니다. 다만, 부정적 리스크가 명확히 확인되어 적극적인 매수보다는 추가 정보를 기다리는 쪽으로 기울었습니다.","1분기 어닝 서프라이즈(57조 매출)는 삼성전자의 펀더멘털이 견고함을 보여주며, 단기 상승 추세가 유지되고 있습니다. 그러나 노사 갈등 및 기술 유출 리스크가 명확히 존재하고, 전일 3.22% 상승으로 실적 호재가 상당 부분 반영된 것으로 판단됩니다. 따라서 현재가(224,500원)에서 무리하게 추격 매수하기보다는, 5일선(218,300원) 근처로 조정 시 분할 매수하는 전략이 리스크를 낮출 수 있다고 봅니다. 현금 100% 보유 상태로 매수를 강요받지 않지만, 중장기 관점에서 저가 매수 기회를 활용하기 위해 제한된 규모로 매수를 결정했습니다.","단일 매수 금액을 max_single_trade_cash(50,000,000원) 이하로 제한하여 현금 비중을 50% 이상 유지합니다. 지정가 218,000원으로 주문하여 조정 시에만 체결되도록 하고, 미체결 시에도 손실이 발생하지 않습니다. 향후 노사 갈등이나 기술 유출 악재가 현실화될 경우 추가 매수 없이 관망하며, 손절 기준은 추후 200,000원(20일선) 이탈 시 고려합니다.",
simulation_20260701_180301,2026-04-24,1,A024,2026-04-24,2026-04-23,2026-04-23,15:30,2026-04-24,15:30,2026-04-24,pre_close_cutoff,0,4,0,0,,,,mixed,buy,100,limit,224500.0,True,"기술적 지표와 AI 반도체 테마 강세, 노조 리스크 제한적 인식 하에 단기 상승 전망. 밸류에이션 적정, 거시 환경 우호적. 오늘은 매수 관점으로 접근합니다.","이전 중립 관점에서 긍정적으로 변경. 주가 상승, 거래량 증가, AI 테마 강세, 노조 관련 사설이 주주 반대 의견을 보여줌에 따라 상승 신호를 더 신뢰하게 되었습니다.","기술적 지표(5일·20일선 상회, 거래량 증가)와 AI 반도체 테마 강세가 상승 신호로 명확하고, 노조 리스크가 제한적이라는 인식, 실적 기대감이 우세합니다. 초기 현금 100% 보유 상태로 매수 여유가 있으며, 고위험 고수익 성향에 부합합니다. 다만 추격 매수 리스크와 노조 파업 가능성을 고려해 분할 매수로 접근합니다.","매수 후 5% 손실 시 손절 기준 설정, 노조 뉴스 모니터링 강화, 최대 매수 금액의 50% 이내로 제한하여 현금 비중 유지.",
simulation_20260701_180301,2026-04-24,1,A095,2026-04-24,2026-04-23,2026-04-23,15:30,2026-04-24,15:30,2026-04-24,pre_close_cutoff,1,4,10,0,,,,mixed,buy,100,limit,224500.0,True,"호실적과 기술적 강세라는 긍정 요인이 있지만, 노조 리스크와 기술 유출이라는 부정 요인이 상존하므로 단기적으로는 신중한 관찰이 필요합니다. 전량 매수하기보다는 일부 진입 후 추세를 확인하는 전략이 적합하다고 봅니다.","이전에는 완전 중립적 관점이었으나, 오늘 뉴스에서 호실적과 기술적 지표 강세를 확인해 긍정적 시각이 일부 추가되었습니다. 동시에 노조 갈등과 기술 유출 같은 악재도 새롭게 인지되어, 중립보다는 '신중한 긍정'으로 관점이 세분화되었습니다.","기술적 지표(5·20일선 우상향, 거래량 증가)와 호실적이 긍정적이나, 노조 리스크와 기술 유출 이슈를 고려해 소량 진입 후 추세 확인","매수 후 5% 이상 하락 시 추가 분석 후 대응, 현금 비중 77.55% 유지하여 리스크 관리",
simulation_20260701_180301,2026-04-24,1,A021,2026-04-24,2026-04-23,2026-04-23,15:30,2026-04-24,15:30,2026-04-24,pre_close_cutoff,0,0,0,0,,,,neutral,buy,100,limit,224500.0,True,"기술적 지표와 반도체 업황 회복에 힘입어 단기 상승 전망을 유지하나, 부정적 뉴스 리스크를 고려해 신중하게 접근합니다.","기존 중립적 관점에서 소폭 긍정적으로 전환했습니다. 주가 상승과 거래량 증가, 기술적 지표 개선이 주요 요인입니다.","기술적 지표(MA5 상회, 거래량 증가, 추세 상승)와 반도체 업황 회복 기대가 긍정적이며, 현금 100% 보유 상태에서 초기 진입 기회로 판단했습니다. 다만 부정적 뉴스(기술 유출, 파업)와 단기 급등에 따른 조정 리스크를 고려해 보수적인 수량으로 매수합니다.","매수 후 현금 비중 77.55% 유지하여 단기 조정 및 악재 발생 시 대응 여력 확보. 손실 확대 시 추가 매수보다는 관망하며, 기술적 지표 악화 시 손절 기준 검토.",
simulation_20260701_180301,2026-04-24,1,A034,2026-04-24,2026-04-23,2026-04-23,15:30,2026-04-24,15:30,2026-04-24,pre_close_cutoff,1,4,10,0,,,,mixed,buy,200,limit,222000.0,True,"1분기 어닝 서프라이즈와 AI 반도체 수요 확대는 긍정적이나, 노사 갈등과 기술 유출 리스크가 상존한다. 밸류에이션은 여전히 저평가 구간으로 판단하며, 단기적으로 보수적 긍정 관점을 유지하되 추가 정보를 확인하며 대응할 필요가 있다.","기존 중립적 관점에서 실적 호재와 AI 수요 확대를 반영하여 소폭 긍정적으로 전환했다. 다만 노조 리스크와 기술 유출 부정적 요인이 혼재되어 있어 확신도는 '중간' 수준이며, 추가 정보를 통해 관점을 조정할 계획이다.","1분기 어닝 서프라이즈와 AI 반도체 수요 확대를 긍정적 요인으로 보고, 현재 밸류에이션이 여전히 저평가 구간이라고 판단합니다. 현금 비중이 100%이므로 신규 진입 기회로 삼고, 단기 급등에 따른 추격 매수 리스크를 피하기 위해 전일 종가(224,500원)보다 낮은 222,000원에 지정가 매수 주문을 제출합니다. 이는 20일선(200,772원) 대비 충분한 상승 여력이 있고, 노조 리스크와 기술 유출 리스크가 혼재되어 있어 보수적으로 접근하기 위함입니다.","매수 금액은 약 44,400,000원으로 max_single_trade_cash(50,000,000원) 이내이며 전체 현금의 44.4%로 분산 효과를 유지합니다. 향후 노조 협상 결과와 기술 유출 관련 추가 악재 발생 시 추가 매수 여력(현금 약 55,600,000원)을 확보하고 있습니다. 단기 변동성에 대비하여 손실 발생 시 현금 비중을 통해 대응할 수 있는 구조를 유지합니다.",
simulation_20260701_180301,2026-04-24,1,A092,2026-04-24,2026-04-23,2026-04-23,15:30,2026-04-24,15:30,2026-04-24,pre_close_cutoff,1,4,10,0,,,,mixed,buy,111,limit,220000.0,True,"1분기 실적 호조로 상승 추세는 유효하나, 노조 리스크와 기술 유출 이슈로 변동성 확대 가능. 단기 추세는 신뢰하되, 상황 변화에 대비해야 함.",이전 중립 관점에서 실적 호재로 인해 단기적으로 긍정적으로 전환. 하지만 노조 리스크를 인지하여 완전 낙관은 아님. '신중한 낙관'으로 변경됨.,"1분기 깜짝 실적과 AI 반도체 수요 증가로 단기 상승 추세 유지 중이며, 5일선(218,300원)이 강력한 지지선 역할을 할 것으로 예상. 거래량 증가는 추세 지속 신호. 현재 현금 100% 보유 중으로, 노조 리스크와 기술 유출 악재가 단기 하락을 유발할 경우 5일선 부근에서 매수 기회를 포착하기 위해 220,000원(5일선 근처)으로 지정가 매수 주문. 보수적 수량(111주, 약 2,442만 원)으로 진입하여 변동성 리스크를 완화하고, 이후 지지선 확인 시 추가 매수 가능.","단일 매수 금액을 max_single_trade_cash(5,000만 원)의 절반 이하로 제한, 5일선 이탈 시 손절 고려, 현금 비중 75% 이상 유지하여 추가 하락 시 대비.",
simulation_20260701_180301,2026-04-24,1,A009,2026-04-24,2026-04-23,2026-04-23,15:30,2026-04-24,15:30,2026-04-24,pre_close_cutoff,0,3,0,0,,,,negative,buy,1,limit,215000.0,True,오늘은 노조 파업과 기술 유출 악재가 부각되면서 단기적으로 주가에 부담이 될 것으로 본다. 반도체 업황 자체는 좋지만 삼성전자 개별 리스크가 더 눈에 띄어 보유 현금을 유지하며 관망하는 게 적절하다고 판단한다.,"초기 중립적 관점에서 약세 전망으로 변경되었다. 이전에는 방향성을 조정하겠다고만 했으나, 오늘 뉴스에서 확인된 노조 리스크와 기술 유출 확정 소식이 실제 부정적 요인으로 작용할 가능성이 크다고 판단해 단기 비중 축소 관점을 가지게 되었다.","오늘 주가가 3.22% 급등했으나, 노조 파업·기술 유출 악재로 차익 실현 매물이 출회될 가능성이 커 단기 조정을 예상합니다. 다만 반도체 업황 자체는 긍정적이고 20일선(200,772원) 위에서 지지될 가능성이 있어, 조정 시 저가 매수 기회를 노리고자 합니다. 관망이 더 적합하지만 오늘은 반드시 매수 또는 매도 중 하나를 선택해야 하므로, 최소 단위(1주)로 아주 보수적인 매수를 시도합니다. 호가는 전일 종가 대비 약 4.2% 낮은 215,000원으로 설정하여 조정 시 체결 가능성을 높였습니다. 매수 금액은 215,000원으로 전체 현금 대비 0.215%에 불과해 리스크가 매우 낮고, 과거 급등 후 무리한 진입으로 손실을 본 경험을 반영해 신중하게 접근합니다.","매수 규모를 최소 단위(1주)로 제한하여 현금 비중을 99.8% 유지하고, 추가 하락 시 더 큰 폭의 저가 매수 기회를 확보합니다. 악재가 해소되거나 기술적 지지선(20일선)이 확인되면 추가 매수를 검토하지만, 오늘은 시험적 진입에 그칩니다. 손절 기준은 별도로 설정하지 않되, 1주로 인한 손실은 무의미하여 자연스럽게 보유합니다.",
simulation_20260701_180301,2026-04-24,1,A079,2026-04-24,2026-04-23,2026-04-23,15:30,2026-04-24,15:30,2026-04-24,pre_close_cutoff,1,4,10,0,,,,mixed,buy,111,limit,221000.0,True,"실적 호조와 AI 반도체 성장성이 저평가 매력을 뒷받침하지만, 노사 갈등과 기술 유출 리스크가 단기 변동성을 키울 수 있어 신중한 접근이 필요합니다. 저평가 관점은 유지하되 비재무적 위험을 추가로 고려해야 합니다.","기존 중립적 관점에서 실적 호재와 노사 리스크라는 상충된 신호를 모두 반영하여 '신중한 긍정'으로 전환했습니다. 저평가 근거는 강화됐지만, 단기 악재를 간과하지 않도록 균형을 잡았습니다.","믿음과 시장 분석 모두 저평가 구간을 확인시켜 주고 있으며, 1분기 깜짝 실적과 AI 반도체 수요 확대가 장기 성장성을 뒷받침합니다. 노사 리스크와 기술 유출 악재는 단기 변동성을 키울 수 있지만, 현재 주가가 5MA(218,300)와 20MA(200,772) 위에 위치하는 등 기술적 지지가 형성되어 있습니다. 저평가 관점을 유지하며, 첫 진입인 만큼 분할 매수로 접근합니다. 전일 종가(224,500) 대비 소폭 낮은 호가(221,000)를 제시해 하락 시 매수 기회를 잡고자 합니다. 포트폴리오가 현금 100%이므로 기회비용 부담이 없고, 이성적 손절 기준을 사전에 설정하여 리스크를 관리할 계획입니다.","최대 50% 현금(약 5천만 원) 내에서 첫 매수 금액을 제한하며, 손절 기준은 매수가 대비 -5%로 설정해 기술 유출·노사 갈등 악화 시 이탈할 준비를 합니다. 향후 추가 하락 시 분할 매수 기회를 남겨두기 위해 보유 현금 비중을 충분히 유지합니다.",
simulation_20260701_180301,2026-04-24,1,A094,2026-04-24,2026-04-23,2026-04-23,15:30,2026-04-24,15:30,2026-04-24,pre_close_cutoff,0,3,0,0,,,,mixed,buy,111,limit,222500.0,True,"기술 유출과 성과급 논란은 부담이지만, 주주들의 파업 저지와 반도체 업종 강세가 하방을 지지하고 기술적 지표도 긍정적이다. 단기 상승 가능성에 무게를 두고 지켜본다.","초기 중립적 관점에서 약간 긍정적으로 기울었다. '파업 막아선 주주들' 뉴스가 개인투자자로서 공감 가는 신호였고, 시장 데이터(5일선·20일선 상회, 거래량 증가)가 상승 추세를 확인해주었기 때문이다. 다만 기술 유출 이슈가 불안 요소로 남아 있어 완전한 매수 확신까지는 아니다.","기술적 지표(5일선 218,300원, 20일선 200,772원 상회)와 거래량 증가가 긍정적이며, 주주들의 파업 저지 뉴스가 개인투자자로서 공감되는 호재입니다. 기술 유출 악재가 불안하지만 삼성전자 체력이 탄탄해 하방이 지지될 것으로 판단, 분할 매수로 진입합니다. 포트폴리오가 현금 100%로 중립 상태여서 첫 진입 시 보수적 수량으로 리스크를 낮추었습니다.","매수 금액을 현금의 약 25% 수준(약 2,470만원)으로 제한하여 초기 리스크를 분산하고, 추가 하락 시 5일선 근처에서 저가 매수 기회를 노릴 계획입니다. 기술 유출 이슈가 악화되면 추가 매수보다는 보유 전환을 고려합니다.",
simulation_20260701_180301,2026-04-24,1,A047,2026-04-24,2026-04-23,2026-04-23,15:30,2026-04-24,15:30,2026-04-24,pre_close_cutoff,1,3,10,0,,,,mixed,buy,133,limit,220000.0,True,"삼성전자는 1분기 어닝 서프라이즈로 저평가 매력이 높지만, 노사 갈등과 기술 유출 리스크가 단기 변동성을 키울 수 있습니다. 중장기 성장성을 신뢰하며, 추가 정보를 확인한 후 매수 기회를 모색할 것입니다.",기존 중립적 관점에서 실적 호조를 확인하며 긍정적으로 전환했습니다. 다만 노사 갈등과 기술 유출이라는 새로운 리스크를 인지하여 신중한 접근이 필요하다고 판단합니다.,"1분기 어닝 서프라이즈로 실적 모멘텀이 확인되었고, PE/PB 밸류에이션은 저평가 구간으로 판단됩니다. 노사 갈등·기술 유출 리스크가 단기 변동성을 키울 수 있으나, 중장기 반도체 업황 호조와 AI 수요 증가를 감안하면 현재 가격은 매력적인 매수 기회입니다. 20일선 대비 11.8% 상승한 상태로 추격 매수보다는 소폭 조정 가능성을 고려해 전일 종가(224,500원) 대비 2% 낮은 220,000원에 지정가 주문을 제출하여 안정적으로 진입하고자 합니다. 거래 제약 내 최대 매수 가능 수량(222주)보다 보수적인 133주(약 2,926만원)를 매수하여 현금 비중을 70% 이상 유지, 추가 조정 시 더 매수할 여력을 남깁니다.","단기 악재(노사 갈등, 기술 유출)로 인한 변동성 확대 가능성에 대비하여 전일 종가보다 낮은 가격에 지정가 주문을 제출합니다. 총 자산 대비 매수 금액을 30% 미만으로 제한하여 현금 비중을 충분히 확보하고, 향후 2분기 가이던스와 노사 협상 진전 상황을 확인한 후 추가 매수 여부를 판단할 예정입니다. 손절 기준은 매수가 대비 10% 하락 시 재평가하며, 과도한 추격 매수는 지양합니다.",
simulation_20260701_180301,2026-04-24,1,A052,2026-04-24,2026-04-23,2026-04-23,15:30,2026-04-24,15:30,2026-04-24,pre_close_cutoff,1,4,10,0,,,,mixed,buy,444,limit,220000.0,True,"1분기 실적은 확실한 지지대지만, 노사 갈등과 기술 유출, 미토스 쇼크 등 단기 악재가 혼재되어 있어 당장 매수 타이밍은 아니다. 기술적 추세(5·20일선 상회)는 긍정적이나 추가 신호를 확인할 때까지 보유 현금을 유지하며 관망한다.","초기 중립 관점에서, 어닝 서프라이즈 확인으로 단기 방어력은 높아졌으나, 노사 갈등 심화와 AI 거시 리스크(미토스) 발생으로 '조심스러운 긍정'에서 '관망' 쪽으로 기울었다. 포트폴리오를 분산해 왔기에 무리한 베팅보다는 현금 비중을 유지하는 쪽이 낫다고 판단한다.","기술적 추세(5·20일선 상회)는 긍정적이고 1분기 어닝 서프라이즈가 하방을 지지할 것으로 판단. 하지만 노사 갈등과 미토스 AI 충격 같은 단기 악재가 혼재되어 있어 무리한 고가 매수는 자제. 220,000원(5일선 218,300원 근처)에 분할 매수하여 저가 매수 기회를 노리면서도 리스크를 제한함. 현재 현금 100% 보유 중이므로 소액 우선 진입이 합리적.","최대 매수 금액의 20% 이하(약 1억 원)로 제한하여 리스크를 분산. 주가가 예상보다 하락할 경우 추가 매수 여력을 남겨둠. 노사 갈등 및 거시 악재가 현실화되면 손절 기준을 210,000원(전일 종가 대비 약 -6.5%)으로 설정 예정.",
simulation_20260701_180301,2026-04-24,1,A067,2026-04-24,2026-04-23,2026-04-23,15:30,2026-04-24,15:30,2026-04-24,pre_close_cutoff,0,5,0,0,,,,negative,buy,222,limit,222000.0,True,"기술적 지표는 상승 추세를 보여주지만, 부정적 뉴스(기술 유출, 파업)가 단기 심리에 악재로 작용할 수 있어 신중한 접근이 필요합니다. 당장은 관망하며 추가적인 가격 움직임과 뉴스 흐름을 확인할 계획입니다.","이전 중립적 관점에서 오늘 부정적 뉴스와 기술적 상승 신호가 혼재되어 약세 쪽으로 기울었습니다. 다만 시장 데이터가 긍정적이어서 완전히 전환하지는 않고, 관망으로 방향을 조정했습니다.","기술적 지표는 긍정적(5일선, 20일선 상회, 거래량 증가)이지만, 부정적 뉴스(기술 유출, 파업)와 과거 손실 경험을 고려해 진입 가격을 낮춰 리스크를 통제했습니다. 전일 종가(224,500원)보다 낮은 222,000원에 매수 지정가를 설정해 230,000원 저항선 돌파 전 조정 시 매수 기회를 노립니다. 현금 비중 100% 상태에서 단일 최대 매수 한도(5천만 원)를 채워 분할 진입하지 않고 보수적으로 진입했습니다.","매수 후에도 현금 5천만 원 이상을 보유해 추가 하락 시 대응할 수 있도록 했습니다. 손절 기준은 5일선(218,300원) 이탈 시 1차 손절, 20일선(200,772원) 이탈 시 추가 손절을 고려합니다. 부정적 뉴스 악재가 현실화되면 즉시 포지션 축소를 검토합니다.",
simulation_20260701_180301,2026-04-24,1,A093,2026-04-24,2026-04-23,2026-04-23,15:30,2026-04-24,15:30,2026-04-24,pre_close_cutoff,1,4,10,0,,,,mixed,buy,222,limit,225000.0,True,"1분기 어닝 서프라이즈와 AI 반도체 수요 폭발로 삼성전자의 상승 추세는 견고하다. 노조 리스크와 기술 유출 악재는 단기 변동성을 키우겠지만, 장기 우상향 전망을 유지하며 기술적 지표에 기반해 매수 기회를 잡을 것이다.","초기 중립적 관점에서 적극적 매수 관점으로 전환했다. 1분기 실적이 예상을 크게 상회했고, AI 반도체 테마 강세가 확인됐으며, 기술적 지표(5일선·20일선 상회, 거래량 증가)가 강한 매수 신호를 주고 있기 때문이다.","1분기 어닝 서프라이즈(57조)와 AI 반도체 수요 폭발로 상승 추세가 견고하며, 기술적 지표(5일선 218,300원, 20일선 200,772원 상회)와 거래량 증가가 매수 신호를 강하게 지지합니다. 노조 리스크와 기술 유출 악재는 단기 변동성을 키울 수 있으나, 실적 모멘텀이 우위에 있어 조정 시 매수 기회로 판단했습니다. 현재 현금 100% 보유 중이므로 최대 허용 매수 금액(5,000만원)을 활용해 222주(약 4,995만원)를 매수합니다. 지정가 225,000원은 전일 종가 대비 소폭 상회한 가격으로 상승 추세에 동참하면서도 급등 추격을 피하려는 의도입니다.","손절 기준을 명확히 설정하여, 주가가 5일선(218,300원) 아래로 하락하면 5% 손절을 실행합니다. 노조 파업이나 기술 유출 악재로 급락 시 추가 매수 기회로 삼기 위해 현금 50% 이상을 유지합니다. 과도한 낙관을 경계하며, 손실 시 이성적으로 손절하는 원칙을 지키겠습니다.",
simulation_20260701_180301,2026-04-24,1,A023,2026-04-24,2026-04-23,2026-04-23,15:30,2026-04-24,15:30,2026-04-24,pre_close_cutoff,0,5,0,0,,,,mixed,buy,222,limit,220000.0,True,,,"단기 기술적 지표(5일선 상회, 거래량 증가)와 반도체 테마 강세가 긍정적이나, 기술 유출·파업 악재와 단기 급등 후 조정 가능성을 고려해 전일 종가 대비 2% 낮은 가격에 매수 호가를 제출합니다. 현금 100% 상태에서 첫 진입이므로 보수적으로 접근하며, max_buy_quantity(222주) 내에서 최대 금액(약 4,884만 원)을 배정해 분할 매수 기반을 마련합니다.","매수 후 현금 비중을 51% 이상 유지해 추가 하락 시 대응력을 확보하고, 기술 유출·파업 악재가 주가에 본격 반영될 경우 손절 기준을 -5%로 설정합니다. 단기 변동성(4.23%)을 감안해 조정 시 추가 매수 기회로 활용할 계획입니다.",
simulation_20260701_180301,2026-04-24,1,A098,2026-04-24,2026-04-23,2026-04-23,15:30,2026-04-24,15:30,2026-04-24,pre_close_cutoff,1,3,10,0,,,,mixed,buy,100,limit,224500.0,True,"실적 호조와 AI 반도체 테마 강세, 기술적 상승 신호를 바탕으로 단기 상승 전망을 유지합니다. 노조 리스크와 기술 유출 악재는 변수지만, 고위험 고수익 성향에 맞춰 실적 모멘텀에 베팅할 준비가 되었습니다.","이전 중립적 관점에서 긍정적으로 변경했습니다. 1분기 어닝 서프라이즈와 AI 반도체 수요 급증, 기술적 지표(MA5, MA20 상회, 거래량 증가)가 상승 신호를 강하게 보여주었고, 뉴스 해석에서도 실적 호재에 더 주목하게 되었습니다. 노조 리스크는 여전히 우려되나, 단기 트레이딩 기회로 활용할 수 있다고 판단합니다.","1분기 어닝 서프라이즈와 AI 반도체 수요 급증, 기술적 지표(MA5, MA20 상회, 거래량 증가)가 강한 상승 신호를 보이며, 고위험 고수익 성향에 부합합니다. 현재 현금 100% 보유로 매수 여력이 충분하고, 단기 상승 모멘텀에 베팅하기 위해 분할 매수합니다. 노조 리스크와 기술 유출 악재는 변수이나, 실적 호재가 이를 상쇄할 것으로 판단하여 전일 종가에 지정가 매수합니다.","매수 금액을 전체 현금의 22.45%로 제한하여 과도한 리스크를 피하고, 잔여 현금 77.55%는 추가 매수나 변동성 대응에 활용합니다. 손실 발생 시 노조 리스크 확대 등을 고려해 추가 매수는 신중히 결정하며, 단기 차익 실현 목표를 설정해 이익 보호에 나설 계획입니다.",
simulation_20260701_180301,2026-04-24,1,A075,2026-04-24,2026-04-23,2026-04-23,15:30,2026-04-24,15:30,2026-04-24,pre_close_cutoff,2,5,10,10,"삼성전자 노조 파업, 삼성전자 기술유출 CXMT, HBM 수요 전망, 반도체 업황 사이클 2026, 외국인 순매수 삼성전자, 미토스 AI 쇼크 반도체, 삼성전자 1분기 실적 분석",10,수정,mixed,buy,222,limit,215000.0,True,"삼성전자의 1분기 실적은 매우 강력하지만, 노조 갈등과 기술 유출, 글로벌 지정학 리스크가 단기 변동성을 키우고 있습니다. 중장기 AI 반도체 성장성은 여전히 유효하므로, 단기 관망 후 저가 매수 기회를 노리는 전략이 적합하다고 판단합니다.","초기 중립적 관점에서, 오늘 뉴스를 통해 실적 호재와 악재가 혼재된 상황을 인지하여 '단기 불확실성 속 중장기 긍정'으로 관점이 수정되었습니다. 특히 노조 리스크와 글로벌 불안에 무게를 두어 당장 매수보다는 관망이 더 합리적이라고 생각하게 되었습니다.","삼성전자 1분기 어닝 서프라이즈와 AI 반도체 중장기 성장성은 긍정적이나, 노조 갈등·기술 유출·지정학 리스크로 단기 변동성이 확대되어 추격 매수보다 저가 매수 기회를 노리는 것이 적합합니다. 현재 PER 10배 내외는 역사적 저평가 구간으로, 현금 100% 보유 상태에서 추가 하락 시 분할 매수 전략으로 리스크를 낮출 수 있습니다. 오늘 3% 이상 하락(약 217,000원 이하) 시 매수 기회로 판단하여 현금의 50% 한도 내에서 215,000원에 지정가 매수 주문을 제출합니다.","단일 매수 금액을 50,000,000원 이하로 제한하여 현금 비중을 50% 이상 유지하고, 추가 하락 시 추가 매수 여력을 남깁니다. 노조 파업 및 기술 유출 관련 뉴스가 더 악화될 경우 손절라인을 설정하나, 오늘은 저가 매수 후 중장기 보유를 목표로 합니다.",
simulation_20260701_180301,2026-04-24,1,A083,2026-04-24,2026-04-23,2026-04-23,15:30,2026-04-24,15:30,2026-04-24,pre_close_cutoff,2,5,10,10,"삼성전자 성과급 재원 규모, 삼성전자 기술유출 CXMT, 삼성전자 1분기 실적 전망, HBM 시장 동향, AI 반도체 수요, 반도체 업황 사이클, 삼성전자 주주환원 정책, 탄소배출권 반도체 비용",10,유지,mixed,buy,89,limit,218000.0,True,"삼성전자는 1분기 호실적이라는 강력한 펀더멘털을 보유했으나, 노조의 과도한 성과급 요구(45조원)와 기술 유출 리스크가 주가 상승을 제한할 것. 거시 불확실성(유가·탄소비용 상승)도 부담. 단기적으로는 박스권 등락을 예상하며, 추가 정보 확인 전까지 신중한 접근이 필요.","유지. 초기 중립 관점을 유지하며, 실적 호조와 내부 리스크(노조 갈등, 기술 유출)가 상충하는 상황에서 명확한 방향성을 잡기 어려움. 추가 검색에서도 새로운 정보를 얻지 못해 기존 관점을 그대로 유지함.","1분기 어닝 서프라이즈(영업이익 57.2조)가 주가 하단을 강하게 지지하며, 현재 주가 224,500원은 20일선(200,772원) 위에 있어 저평가 매력이 존재. 단, 노조 갈등·기술 유출·거시 불확실성(유가·탄소비용)이 단기 상승을 제한하므로, 보다 안전한 가격(5일선 218,300원 근처)에서 분할 매수하여 리스크를 완화. 현금 1억 중 절반 이하만 사용하고, 초기 진입이므로 관망보다는 소액 매수로 시장 참여.","매수 금액 약 1,940만원(현금의 19.4%)으로 보수적 진입, 최대 손실 가능성을 감안해 추가 하락 시 200,000원 이하로 떨어지면 분할 매수 기회로 활용. 전체 포트폴리오의 안정성을 위해 삼성전자 단일 집중이라도 현금 비중을 80% 이상 유지하며 리스크 관리.",
simulation_20260701_180301,2026-04-24,1,A058,2026-04-24,2026-04-23,2026-04-23,15:30,2026-04-24,15:30,2026-04-24,pre_close_cutoff,1,4,10,0,,,,mixed,buy,100,limit,222000.0,True,"삼성전자는 실적 폭발과 AI 테마라는 강력한 상승 동력을 보유했으나, 노조 리스크와 기술 유출 악재가 단기 노이즈로 작용 중. 5일선과 20일선 위의 상승 추세는 유효하므로, 고위험 고수익 관점에서 추세 이탈 전까지는 매수 관점을 유지하되 변동성에 대비한 분할 접근이 필요.","기존 중립적 관점에서 실적 호조와 AI 테마 강세를 확인하며 소폭 긍정적으로 전환. 노조 리스크와 기술 유출 악재를 인지하되, 단기 충격보다 중장기 실적 모멘텀이 더 크다고 판단해 관점을 '중립→약한 긍정'으로 조정.","오늘의 Belief와 시장 분석에서 실적 호조와 AI 테마 강세로 상승 추세가 유효하다고 판단. 노조 리스크와 기술 유출 악재가 단기 노이즈이나, 기관·외인 순매수와 5일선/20일선 위 안착을 고려해 저가 매수 기회로 활용. 현재 현금 100% 보유 중이므로 분할 진입하며, 224,500원 저항 부근에서 추세 이탈 시 손절 가능성을 염두에 두고 222,000원에 지정가 매수 주문. 수량 100주로 보수적 접근.","총 자산 대비 약 22% 매수로 현금 비중 78% 유지, 추가 하락 시 대응 여력 확보. 손절 기준은 20일선(200,772원) 이탈 시, 혹은 5일선(218,300원) 하회 시 재평가. 노조 파업 리스크 현실화 시 즉시 손절 준비. 과거 낮은 성과를 반복하지 않도록 지나친 낙관 배제하고 분할 매수 유지.",
simulation_20260701_180301,2026-04-24,1,A025,2026-04-24,2026-04-23,2026-04-23,15:30,2026-04-24,15:30,2026-04-24,pre_close_cutoff,0,4,0,0,,,,mixed,buy,133,limit,222000.0,True,"악재와 호재가 혼재된 상황이지만, 기술적 지표(5일선·20일선 상회, 거래량 증가)는 우상향 흐름을 지지합니다. 단기적 변동성을 감안해 관망하며, 추가 상승 신호가 확인되면 매수에 나설 준비를 합니다.","기존 중립적 관점에서, 오늘 뉴스(파업·기술유출 악재와 반도체 테마 강세)와 시장 데이터(종가 상승, 거래량 증가)를 반영해 단기적으로 제한적 상승 기대를 추가했습니다. 밸류에이션과 거시 환경은 큰 변화 없이 유지합니다.","기술적 지표(5일선·20일선 상회, 거래량 증가)는 우상향 흐름을 지지하며, 반도체 테마 강세와 AI 수요 확대가 긍정적 신호입니다. 다만 파업·기술유출 악재와 밸류에이션 부담(20일선 대비 11%↑)으로 확신도가 낮아, 전일 종가(224,500원)보다 낮은 222,000원에 매수 지정가를 설정해 단기 조정 리스크를 완화하고 분할 진입합니다. 매수 금액은 29,526,000원으로 max_single_trade_cash(50,000,000원) 이내이며, 현금 비중을 70% 이상 유지해 추가 하락 시 대응력을 확보합니다.","매수 후 현금 잔고 약 70,474,000원(70.5%)을 유지해 추가 하락 시 추가 매수 여력을 확보합니다. 손실 시 추가 매수하는 처분효과 성향을 고려하되, 이번 진입은 분할 매수 1차분으로 한정해 과도한 집중을 피합니다. 230,000원대 돌파 실패 시 단기 조정 가능성을 인지하고, 5일선(218,300원) 이탈 시 추가 매수 보류를 고려합니다.",
simulation_20260701_180301,2026-04-24,1,A053,2026-04-24,2026-04-23,2026-04-23,15:30,2026-04-24,15:30,2026-04-24,pre_close_cutoff,1,4,10,0,,,,mixed,buy,222,limit,224500.0,True,"삼성전자는 1분기 실적 폭발과 AI 반도체 슈퍼사이클 수혜로 저평가 매력이 크며, 단기적으로 노사 갈등과 기술 유출 리스크가 있으나 중장기 성장성은 유효합니다. 따라서 현재를 저가 매수 기회로 판단하며, 추가 정보를 확인하며 신중히 접근하겠습니다.","이전 중립 관점에서 긍정적 관점으로 변경되었습니다. 1분기 어닝 서프라이즈와 AI 반도체 테마 강세가 기존의 중립적 시각을 상향 조정하게 만들었고, 노조 리스크와 기술 유출은 여전히 부정적 요인이지만 실적과 업황이 이를 상쇄할 만큼 강력하다고 판단했습니다.","1분기 어닝 서프라이즈와 AI 반도체 수요 폭발이 저평가된 주가를 재평가할 기회로 판단하여 매수를 결정. 뉴스에서 확인된 실적 호조와 저PER 기반 가치평가가 핵심 근거이며, 현재 현금 100% 보유 상태에서 첫 진입으로 보유 비중을 50%로 제한하며 리스크를 관리함.","최대 매수 금액 50,000,000원(현금의 50%)으로 제한, 노조 리스크와 기술 유출 악재를 감안하여 추격 매수보다는 현재가에 지정가 주문, 이후 노조 동향과 주가 변동성을 모니터링 후 추가 대응",
simulation_20260701_180301,2026-04-24,1,A087,2026-04-24,2026-04-23,2026-04-23,15:30,2026-04-24,15:30,2026-04-24,pre_close_cutoff,2,4,10,10,"삼성전자 주가, 삼성전자 외국인 매매, 삼성전자 노조 파업, 반도체 메모리 가격, HBM 수요, AI 반도체 시장, 코스피 지수, 삼성전자 기술 유출 영향",10,유지,mixed,buy,1000,limit,222000.0,True,"삼성전자의 1분기 실적 호조와 AI 반도체 수요 증가는 긍정적, 노조 갈등과 기술 유출은 부정적 요인이지만, 전체적으로 상승 흐름을 유지할 것으로 봅니다. 단기 변동성에 대비해 기술적 신호를 확인한 후 매수 시점을 결정할 계획입니다.","유지. 기존 중립 관점에서 실적 호재를 반영해 긍정적으로 기울었으나, 아직 악재도 존재하므로 방향성을 확정하기보다는 관망하며 추가 데이터를 기다리는 상태입니다.","오늘 Belief와 시장 분석을 종합할 때, 1분기 실적 호조(영업이익 57.2조)와 AI 반도체 수요 증가가 긍정적이며 기술적 지표(5일선·20일선 상회, 거래량 증가)도 상승 신호를 보입니다. 다만 노조 갈등·기술 유출 같은 악재가 혼재하고 변동성(4.23%)이 높아 단기 추격 매수는 위험합니다. 따라서 전일 종가(224,500원) 대비 약 1.1% 낮은 222,000원에 지정가 매수하여 저점 매수 기회를 노리며, 거래 제약 내에서 보수적으로 1,000주(약 2.22억 원, max_single_trade_cash 5억 원 이내)만 분할 진입합니다. 이는 포트폴리오가 현금 100%인 상태에서 첫 매수로서 리스크를 통제하고, 향후 추가 하락 시 더 매수할 여력을 남기기 위함입니다.","손실 가능성을 고려하여 전체 현금(10억 원) 중 20% 수준인 약 2.22억 원만 투입, 분할 매수 원칙을 지킵니다. 노조 파업·기술 유출 악재가 현실화되면 추가 하락 가능성이 있으므로, 매수 후 5일선(218,300원) 이탈 시 손절을 고려합니다. 또한 특정 종목 집중을 피하기 위해 추가 매수는 상황을 더 지켜본 후 결정합니다.",
simulation_20260701_180301,2026-04-24,1,A054,2026-04-24,2026-04-23,2026-04-23,15:30,2026-04-24,15:30,2026-04-24,pre_close_cutoff,0,5,0,0,,,,mixed,buy,89,limit,218300.0,True,"단기 악재와 중장기 호재가 충돌하는 시점이므로, 기술적 지표(이평선·거래량)를 기준으로 관망하며 추가 신호를 기다리는 것이 합리적이다.","기존 중립 관점에서 단기 하방 압력을 더 인지하게 되었으나, 기술적 지표(5일·20일 이평선 상회)가 지지선 역할을 할 것으로 보아 전반적인 중립 시각은 유지. 뉴스 혼재로 확신이 낮아진 점이 변화.","단기 악재(파업, 기술유출)와 중장기 호재(AI 수요)가 충돌하는 혼조 국면이나, 기술적 지표(5일 이평선 218,300원)가 하단 지지로 작용할 것으로 판단됨. 현재 현금 100% 보유 상태로 기회비용이 존재하므로, 이평선 부근에서 분할 매수하여 하락 리스크를 제한하면서 상승 시 수익 기회를 확보하는 것이 합리적. 뉴스 신뢰도가 낮아 과거 손실 경험을 고려해 보수적으로 접근함.","매수금액을 전체 현금의 약 19.5%로 제한하여 분할 매수 전략 사용. 손절 기준은 20일 이평선(200,773원) 하향 돌파 시 손절 고려. 현금 비중을 충분히 유지하여 추가 하락 시 대응 여력 확보.",
simulation_20260701_180301,2026-04-24,1,A056,2026-04-24,2026-04-23,2026-04-23,15:30,2026-04-24,15:30,2026-04-24,pre_close_cutoff,2,5,10,10,"삼성전자 노조 파업 주가 영향, 삼성전자 기술 유출 CXMT, 삼성전자 2026년 1분기 실적 분석, 반도체 메모리 가격 동향 4월, HBM 수요 전망 2026, 삼성전자 외국인 매매 동향, 코스피 외국인 순매수, 삼성전자 목표주가 증권사 리포트",10,유지,mixed,buy,445,limit,224500.0,True,"삼성전자는 1분기 호실적과 AI 반도체 수요 강세라는 긍정적 요인과 노사 갈등, 기술 유출, 유가 상승 등의 부정적 요인이 혼재합니다. 단기 변동성에 대비하되, 중장기 성장성을 믿고 보유 전략을 유지하며 저가 매수 기회를 모색하겠습니다.","이전 중립 관점에서 약간 긍정적으로 전환되었습니다. 주된 이유는 1분기 실적이 예상보다 우수했고, 반도체 테마가 강세를 보이며 주가가 상승했기 때문입니다. 다만 노조 파업 리스크가 현실화될 경우 단기 하락 가능성도 열어두고 있어, 전반적으로는 신중한 긍정 입장입니다.","현재 보유 현금 100%이며, Belief가 약간 긍정적으로 전환되었고 시장 분석에서 저평가 가능성과 외국인 순매수 등 긍정적 신호가 확인됨. 다만 노조 리스크와 거시 불확실성으로 인해 신중한 접근이 필요하므로 현재가로 소량 매수하여 포지션을 구축함.","최대 매수 금액의 20% 미만으로 매수하여 현금 비중 90% 이상 유지, 노조 파업 리스크 현실화 시 추가 하락 가능성에 대비하여 저가 매수 기회를 위해 현금을 확보함.",
simulation_20260701_180301,2026-04-24,1,A003,2026-04-24,2026-04-23,2026-04-23,15:30,2026-04-24,15:30,2026-04-24,pre_close_cutoff,1,4,10,0,,,,mixed,buy,89,limit,219000.0,True,"1분기 깜짝 실적과 AI 반도체 테마 상승이 주가를 지지하나, 노조 성과급 요구와 기술 유출 리스크가 단기 불확실성을 키우고 있다. 현재 밸류에이션은 저평가 영역으로 보이며, 추가 하락 시 분할 매수를 고려할 가치가 있다. 장기 관점은 긍정적이나 단기 변동성에 대비해 신중하게 접근할 필요가 있다.","기존 중립적 관점에서 실적 호조를 확인하며 소폭 긍정적으로 전환. 노조 리스크와 기술 유출은 기존에 과소평가했던 요인으로, 이제는 단기 변동성을 높일 수 있는 재료로 반영해야 함. 전반적인 장기 성장 신념은 유지하되 단기 트레이딩보다는 저가 분할 매수 전략에 초점을 맞추기로 함.","1분기 깜짝 실적으로 밸류에이션이 저평가 영역에 있으며, AI 반도체 테마가 장기 성장성을 지지합니다. 노조 리스크와 기술 유출 이슈로 단기 변동성이 예상되나, 추가 하락 시 매수 기회로 판단하여 5일 이동평균(218,300원) 근처인 219,000원에 분할 매수합니다. 이는 전일 종가 대비 약 2.5% 낮은 가격으로, 조정 시 저가 매수 전략에 부합합니다. 매수 금액은 약 19,491,000원으로 max_single_trade_cash(50,000,000원) 이내이며, 현금 100% 상태에서 리스크를 분산하기 위해 보수적으로 진입합니다.","최대 50% 현금 비중(약 5,000만 원) 내에서 분할 매수 원칙을 세우고, 이번 주문은 그 중 일부(약 19.5%)만 실행하여 추가 하락 시 추가 매수 여력을 남깁니다. 노조 성과급 요구 규모와 기술 유출 후속 뉴스를 면밀히 모니터링하며, 예상과 다를 경우 즉시 분할 매수 계획을 중단하고 관망 전환합니다. 보유 주식이 없으므로 손절선은 아직 설정하지 않으나, 추후 매수 이후에는 5% 손실 시 이성적 손절을 원칙으로 합니다.",
simulation_20260701_180301,2026-04-24,1,A006,2026-04-24,2026-04-23,2026-04-23,15:30,2026-04-24,15:30,2026-04-24,pre_close_cutoff,0,5,0,0,,,,mixed,buy,50,limit,224500.0,True,단기 기술적 지표는 긍정적이나 파업·기술유출 같은 악재가 뚜렷한 방향성을 흐리고 있어 확신이 낮은 상태. 반도체 업종 훈풍은 확인했지만 삼성전자 개별 위험을 고려해 지금은 관망하며 추세 확인이 우선이다.,초기 중립적 관점에서 오늘 악재와 호재가 혼재된 뉴스를 접하고 불확실성이 더 커져 유지보다는 약화된 중립 쪽으로 기울었다. 방향성 판단 근거가 부족해 좀 더 지켜보겠다는 입장으로 미세 조정되었다.,"기술적 지표 긍정적(5일선·20일선 우상향, 거래량 증가)이나 파업·기술유출 악재로 확신도 낮음. 현금 100% 보유 상태에서 소량 매수로 시장 진입하며 추세 확인 후 추가 대응. 핵심 근거: 단기 추세 긍정적, 반도체 업종 훈풍, 현금 포지션 여유.","매수 금액(11,225,000원)을 전체 자산의 11.2%로 제한하여 손실 위험 최소화. 파업·기술유출 악재 지속 시 추가 매수 자제하고 현금 비중 88.8% 유지, 급락 시 20일선 부근에서 추가 매수 기회 모색.",
simulation_20260701_180301,2026-04-24,1,A081,2026-04-24,2026-04-23,2026-04-23,15:30,2026-04-24,15:30,2026-04-24,pre_close_cutoff,2,5,10,10,"삼성전자 노사 갈등, 성과급 요구, 주주 반응, 반도체 가격 동향, HBM 수요, AI 반도체, 기술 유출 영향, 삼성전자 주가 전망",10,수정,mixed,buy,44,limit,218300.0,True,"삼성전자는 1분기 호실적이라는 확실한 호재에도 불구하고, 노조 파업 리스크와 기술 유출이라는 중장기 악재가 동시에 존재해 단기 방향성을 예측하기 어렵습니다. 따라서 현재는 관망하며 노사 갈등의 향방과 추가 실적 시즌 결과를 확인한 후 매수 시점을 판단하는 것이 합리적입니다.","기존 중립적 관점에서 노조 파업과 기술 유출의 부정적 영향이 생각보다 구체적이고 현실화될 가능성이 높다는 점을 확인했습니다. 이에 따라 단기적으로 긍정적 요인보다 부정적 요인이 더 크게 작용할 수 있다고 판단, 기존 중립에서 '신중한 관망'으로 관점을 수정했습니다.","보유 현금 100% 상태에서 완전 관망은 실험 목적(단일 자산 거래 필수)에 부합하지 않음. 1분기 호실적과 AI 반도체 수요라는 긍정 요인이 주가를 지지하는 가운데, 단기 급등 후 5일 이동평균(218,300원) 부근에서 기술적 지지가 예상됨. 노조 리스크와 기술 유출 악재는 중장기 변수지만 단기 하방을 과도하게 반영하기보다는 적정가 근처에서 분할 매수로 접근하는 것이 합리적. 5일 이평선 가격에 지정가 매수하여 불확실성 속에서도 평균 진입가를 낮추고, 현금의 10% 미만(약 987만원)만 투입해 리스크를 제한함.","매수 금액이 총 현금의 10% 미만(약 9.87백만원)으로 매우 보수적이며, 노조 파업이나 기술 유출 악재가 현실화될 경우 추가 하락 시 동일 가격대에서 분할 매수할 여력을 남겨둠. 손절 기준은 200,000원(20일 이동평균 근처)으로 설정하여 손실 시 이성적으로 대응할 계획. 현재 포트폴리오 리스크가 제로인 상태에서 소액 매수는 위험 대비 수익률을 높이기 위한 전략적 선택.",
simulation_20260701_180301,2026-04-24,1,A043,2026-04-24,2026-04-23,2026-04-23,15:30,2026-04-24,15:30,2026-04-24,pre_close_cutoff,1,4,10,0,,,,mixed,buy,1113,limit,223000.0,True,"실적 호재가 단기 주가를 지지하지만 노조 리스크와 기술유출 악재가 발목을 잡는 혼조 국면. 기술적 지표(5일선·20일선 상회, 거래량 급증)는 상승 신호를 주고 있어, 단기 트레이딩 관점에서 지지선 확인 후 분할 매수 전략이 적합하다고 판단.",초기 중립적 관점에서 실적 호재와 악재가 혼재된 '혼조·변동성 확대' 관점으로 전환. 특히 노조 요구 규모(45조)가 예상보다 커 주주가치 훼손 우려를 반영해야 한다고 판단함.,"기술적 지표(5일선 218,300원 상회, 거래량 105% 급증)가 강한 상승 신호를 주고 있으며, 1분기 깜짝 실적(57조)이 단기 지지 요인으로 작용. 노조 리스크와 기술유출 악재가 혼재하나, 단기 트레이딩 관점에서 분할 매수로 접근. 신규 진입 시점으로 5일선 근처(223,000원)에서 저가 매수 기회를 포착. 거래 제약 내 max_single_trade_cash(5억)의 절반 수준인 2.5억으로 진입해 리스크 분산.","매수 후 5일선(218,300원) 이탈 시 손절 검토. 노조 파업 현실화나 기술유출 악재 재발 시 추가 매수 자제 및 손절 라인 강화. 현금 잔고 7.5억 유지로 추가 하락 시 대응 여력 확보.",
simulation_20260701_180301,2026-04-24,1,A051,2026-04-24,2026-04-23,2026-04-23,15:30,2026-04-24,15:30,2026-04-24,pre_close_cutoff,0,5,0,0,,,,mixed,buy,89,limit,222000.0,True,"파업·기술유출 등 부정적 뉴스와 반도체 테마 상승이 혼재된 상황으로, 단기 방향성은 불확실하다. 기술적 지표(5일선·20일선 상회)는 긍정적이나, 내부 리스크를 고려해 추가 정보 확인 후 분할 매수 기회를 노리는 관망 전략이 적합하다.","초기 중립 관점에서, 부정적 뉴스(파업·기술유출)와 긍정적 섹터 흐름이 혼재됨을 인지하게 되었다. 이전보다 리스크 인식이 높아졌으나, 기술적 지표와 업황 자체는 여전히 긍정적으로 봐서 완전한 매수보다는 분할 매수 기회를 저울질하는 방향으로 관점이 미세 조정되었다.","기술적 지표(5일선 218,300원, 20일선 200,772원) 상의 상승 추세와 반도체 업황 호조(네패스·고영 강세, AI 수요 확대)가 긍정적. 부정적 뉴스(파업·기술유출)가 단기 조정 요인일 수 있으나, 현금 100% 보유 상태에서 분할 매수 기회로 판단. 현재 주가 224,500원이 5일선 대비 부담스러운 수준이므로, 시가보다 낮은 222,000원에 지정가 주문하여 조정 시 매수 기회를 잡고자 함. 매수 금액 19,758,000원으로 max_single_trade_cash(50,000,000원) 이내이며, max_buy_quantity(222주) 이내의 보수적 수량.","단기 리스크(파업·기술유출)로 인한 추가 하락 가능성을 고려하여 전량 매수하지 않고 현금의 약 19.8%만 투입. 손실 시 추가 매수 여력(현금 80,158,000원) 확보. 추격 매수 대신 지정가 주문으로 가격 리스크 통제.",
simulation_20260701_180301,2026-04-24,1,A089,2026-04-24,2026-04-23,2026-04-23,15:30,2026-04-24,15:30,2026-04-24,pre_close_cutoff,0,5,0,0,,,,mixed,buy,1,limit,219000.0,True,기술 유출과 노사 갈등 등 부정적 뉴스가 많아 단기적으로 신중한 접근이 필요합니다. 반도체 업황 호조는 긍정적이나 삼성전자 자체 리스크가 더 커 보여 당분간 관망하며 추가 정보를 확인하겠습니다.,"기존 중립적 관점에서 오늘 부정적 뉴스(기술 유출 확정, 노사 갈등, 성과급 논란)를 접하며 약세 쪽으로 기울었습니다. 반도체 섹터 상승이 일부 긍정적이나 삼성전자 관련 악재가 우세하여 방향성 판단이 어려워 관망으로 전환합니다.","오늘 부정적 뉴스(기술 유출, 노사 갈등)로 단기 하락 가능성이 있지만, 반도체 업황 호조와 기술적 상승 추세(5일선·20일선 위)가 하방을 지지할 것으로 예상됩니다. 현재 현금 100% 보유 중이므로, 소량 매수로 포지션을 열어 시장 흐름에 참여하면서 리스크를 최소화하려 합니다. 헤드라인만으로 확신도가 낮아 보수적으로 접근하며, 추가 정보 확인 후 대응할 계획입니다.","매수 수량을 1주로 제한하여 리스크를 최소화하고, 현금 비중을 99.8% 이상 유지합니다. 손실 시 추가 매수보다는 관망하며, 기술 유출 악재가 주가에 충분히 반영된 후 저점 매수 기회를 노릴 예정입니다.",
simulation_20260701_180301,2026-04-24,1,A057,2026-04-24,2026-04-23,2026-04-23,15:30,2026-04-24,15:30,2026-04-24,pre_close_cutoff,0,7,0,0,,,,mixed,buy,133,limit,222000.0,True,"기술적 지표는 상승 추세를 지지하나, 노조 리스크와 기술 유출 등 악재가 혼재되어 있어 단기적으로 관망하며 추세 확인이 필요하다. 안정성을 중시하는 투자자로서 신중한 접근을 유지한다.","이전 중립적 관점에서 기술적 지표 강세와 반도체 테마 긍정 신호를 반영해 약간 긍정적으로 전환했으나, 부정적 뉴스 리스크를 고려해 완전한 낙관은 지양한다. 변화의 근거는 시장 데이터의 상승 신호와 뉴스 혼조에 따른 균형 잡힌 판단이다.","기술적 지표(5일·20일 이동평균 상회, 거래량 증가)가 상승 추세를 지지하고 반도체 테마 강세도 긍정적이나, 노조 파업·기술 유출 악재와 전일 급등(+3.22%)에 따른 단기 차익 실현 가능성을 고려해 신중한 접근이 필요하다. 현금 비중이 100%이므로 분할 매수로 리스크를 분산하며, 20일 이동평균(200,772원)과 현재가(224,500원) 사이의 중간 영역인 222,000원에 지정가 주문하여 하락 시 저가 매수 기회를 노린다. 매수 수량은 최대 허용 금액(5천만 원) 이내에서 133주(약 2,953만 원)로 제한해 현금 비중을 충분히 유지한다.","단일 매수 금액을 총 현금의 약 30% 선으로 제한하여 추가 하락 시 추가 매수 여력을 확보한다. 노조 파업·기술 유출 악재가 실제 주가에 부정적 영향을 미칠 경우 손실을 최소화하기 위해 손절가를 210,000원(약 6.5% 하락)으로 설정하고, 매수 후에는 보유 비중을 30% 이내로 관리한다.",
simulation_20260701_180301,2026-04-24,1,A078,2026-04-24,2026-04-23,2026-04-23,15:30,2026-04-24,15:30,2026-04-24,pre_close_cutoff,2,5,10,10,"삼성전자 노조 파업 생산 차질, 삼성전자 1분기 실적 주주환원, 삼성전자 기술 유출 CXMT 영향, 반도체 업황 메모리 가격 동향, HBM 시장 수요 전망, 외국인 순매수 코스피, AI 반도체 수출 규제",10,수정,mixed,buy,89,limit,222000.0,True,"삼성전자 1분기 실적은 사상 최대지만, 노조 갈등·기술 유출·고유가·물가 상승 등 복합 악재가 단기 주가 상승을 제한할 것이다. 내재가치 대비 저평가라는 관점은 유지하되, 당장 매수하기보다는 리스크가 해소되는 흐름을 지켜보며 기회를 엿보는 게 낫다고 판단한다.","기존에는 실적 호조에 기대를 걸었으나, 추가 검색을 통해 거시경제 리스크(유가·물가·증시 불안)가 예상보다 크다는 점을 확인했다. 이에 단기 전망을 '긍정적'에서 '중립적'으로 하향 조정하고, 매수 시점을 늦추는 쪽으로 관점을 수정했다.","1분기 사상 최대 실적과 반도체 업황 견조함을 고려할 때 내재가치 대비 저평가 상태라고 판단. 노조 갈등·고유가 등 단기 악재가 있으나, 주가 하방은 지지될 것으로 예상. 현금 100% 보유 상태에서 저가 매수 기회를 잡기 위해 보수적인 호가로 분할 매수 결정.","단일 매수 금액을 max_single_trade_cash(5000만원) 이내로 제한하고, 노조 리스크·거시 불안이 해소될 때까지 추가 매수는 자제. 손실 발생 시 이성적으로 손절하며, 현금 비중을 충분히 유지해 추가 하락 시 대비.",
simulation_20260701_180301,2026-04-24,1,A014,2026-04-24,2026-04-23,2026-04-23,15:30,2026-04-24,15:30,2026-04-24,pre_close_cutoff,0,4,0,0,,,,negative,buy,1,limit,215000.0,True,"기술적 지표는 긍정적 신호를 보여주지만, 노조 파업과 기술 유출 등 부정적 뉴스가 단기 하방 압력으로 작용할 가능성이 큽니다. 당분간 관망하며 추가적인 가격 조정이나 호재성 뉴스를 확인한 후 진입을 고려하는 것이 합리적이라고 판단합니다.","초기 중립적 관점에서 오늘 부정적 뉴스(파업, 기술 유출)를 접하며 단기적으로 더 보수적인 입장으로 전환했습니다. 기술적 지표는 긍정적이지만, 뉴스 리스크가 더 크게 느껴져 진입 시점을 늦추는 쪽으로 관점이 수정되었습니다.","기술적 지표(20일선 상회, 거래량 증가)는 긍정적이지만, 노조 파업 및 기술 유출 뉴스로 단기 하방 압력이 우려됩니다. 현재가 224,500원은 밸류에이션 부담이 있어, 20일선(200,772원) 부근으로 조정 시 매수 기회를 노리기 위해 보수적인 지정가 매수 주문을 설정했습니다. 부정적 뉴스가 가격에 반영될 경우 체결 가능성이 있으며, 소량으로 리스크를 제한합니다.","매수 금액이 총 현금의 0.22%에 불과해 손실 가능성을 최소화합니다. 현금 비중 99.78%를 유지하여 추가 하락 시 대응 여력을 확보했습니다. 파업 리스크와 밸류에이션 부담을 고려해 추격 매수하지 않고, 기술적 지지선 근처에서만 진입하려는 보수적 접근입니다.",
simulation_20260701_180301,2026-04-24,1,A088,2026-04-24,2026-04-23,2026-04-23,15:30,2026-04-24,15:30,2026-04-24,pre_close_cutoff,2,5,10,10,"삼성전자 HBM 수주, 메모리반도체 D램 가격, SK하이닉스 실적, TSMC 파운드리, 미토스 AI 반도체 수요, 원달러 환율, 미국 금리, 삼성전자 외국인 순매수",10,유지,mixed,buy,10,limit,224000.0,True,"삼성전자는 사상 최대 실적과 AI 수혜라는 강한 펀더멘털을 보유했으나, 노조 갈등·기술 유출·거시 불확실성이 단기 변동성을 키우고 있다. 현재는 관망하며 구체적 업황 신호를 확인할 때이며, 저가 매수 기회를 고려하되 리스크를 충분히 반영해야 한다.","유지. 초기 중립적 관점을 유지하며, 오늘 뉴스(실적 호조·노조 리스크·기술 유출·거시 불안)가 기존 관점을 크게 바꾸지 않았다. 추가 검색에서도 결정적 증거를 얻지 못해 당분간 관망이 적절하다고 판단한다.","현재 현금 100% 보유 중이며, 매도는 불가능하므로 매수 방향 선택. 1분기 실적 호조와 AI 수요 증가라는 긍정적 펀더멘털이 단기 하방을 지지할 것으로 예상되나, 노조 리스크·기술 유출·거시 불확실성 등 악재가 혼재되어 확신도가 낮음. 따라서 소량(10주)만 시험적으로 매수하여 손실 위험을 최소화하고, 추가 업황 신호 확인 시 대응 가능한 현금 유연성을 유지함.","매수 금액 약 224만원으로 총 현금 1억원 대비 2.24%에 불과해 리스크가 낮음. 향후 조정 시 추가 매수 기회를 위해 현금 비중을 97% 이상 유지하며, 단기 변동성 확대 시 손절 기준을 설정하지 않고 보유 전환 가능(장기 투자 관점). 노조 파업·기술 유출 악재가 현실화될 경우 추가 매수를 보류하고 관망.",
simulation_20260701_180301,2026-04-24,1,A064,2026-04-24,2026-04-23,2026-04-23,15:30,2026-04-24,15:30,2026-04-24,pre_close_cutoff,2,4,10,10,"삼성전자 노조 파업 성과급, 삼성전자 기술 유출 CXMT, HBM 시장 전망 2026, AI 반도체 수요 데이터센터, 외국인 순매수 삼성전자, 반도체 업황 메모리 가격, 미토스 AI 모델 반도체 영향",10,유지,mixed,buy,50,limit,224000.0,True,"1분기 호실적과 AI 반도체 수요 확대는 긍정적이나, 노조 갈등과 기술 유출 리스크가 단기 변동성을 높이고 있습니다. 밸류에이션은 적정 수준이며, 중장기 성장성은 유효하므로 일부 매수 기회로 활용하되 신중한 접근이 필요합니다.","이전 중립 관점에서, 실적 호조와 AI 테마 강세로 인해 소폭 긍정적으로 기울었으나, 노조 리스크가 상당 부분 상쇄하여 전반적으로 중립-긍정 혼재된 관점으로 변경되었습니다.","1분기 호실적과 AI 반도체 수요 확대는 중장기 성장성을 지지하나, 노조 리스크와 기술 유출로 단기 변동성이 확대될 수 있어 신중한 접근이 필요. 현재 밸류에이션이 적정 범위 내이고 현금을 100% 보유 중이므로, 분할 매수 기회로 소량 진입. 가격은 전일 종가 대비 소폭 낮춰 지정가 주문으로 리스크 관리.","손실 시 이성적 손절 가능하며, 총 현금 대비 11%만 투입하여 추가 하락 시 대응 여력 확보. 노조 파업 진행 상황과 외국인 수급을 모니터링하며 변동성 확대 시 추가 매수 또는 손절 검토.",
simulation_20260701_180301,2026-04-24,1,A100,2026-04-24,2026-04-23,2026-04-23,15:30,2026-04-24,15:30,2026-04-24,pre_close_cutoff,2,3,10,10,"삼성전자 성과급 노조 파업 영향, 삼성전자 기술 유출 CXMT 반도체, 미토스 AI 모델 사이버 보안 반도체 수요, 탄소배출권 가격 2026년 반도체 산업 영향, 메모리 반도체 가격 동향 2026년 4월, HBM3E 수요 삼성전자 납품, 삼성전자 주가 외국인 수급",10,유지,mixed,buy,1,limit,222000.0,True,"삼성전자는 호실적이라는 강력한 펀더멘털을 보유했으나, 노사 갈등·기술 유출·거시 불확실성 등 예상치 못한 리스크가 혼재합니다. 단기적으로는 관망하며 현금 비중을 유지하고, 추가 매수는 신중히 결정하겠습니다.",유지. 기존 중립적 관점이 오늘 정보로도 크게 흔들리지 않았습니다. 호실적과 리스크 요인이 상쇄되어 여전히 중립입니다.,"시장 분석에서 주가는 단기 이동평균선 위에 있고 호실적 펀더멘털이 견고하나, 노사 갈등·기술 유출 등 리스크가 혼재하여 관망이 바람직하나 'hold'가 허용되지 않으므로 최소 매수로 포지션을 열어 시장 참여를 시작합니다. 호가는 전일 종가 대비 소폭 낮춰 222,000원으로 제시, 체결 가능성을 높이면서도 하락 리스크에 대비합니다.","1주 매수(약 222,000원)로 현금 비중을 99.8% 유지하여 리스크를 최소화합니다. 추가 하락 시 분할 매수 기회를 모니터링하며, 노사 갈등·기술 유출 관련 후속 뉴스에 따라 추가 대응할 계획입니다.",
simulation_20260701_180301,2026-04-24,1,A060,2026-04-24,2026-04-23,2026-04-23,15:30,2026-04-24,15:30,2026-04-24,pre_close_cutoff,2,4,10,10,"삼성전자 노조 성과급 파업, 삼성전자 기술 유출 CXMT, 삼성전자 1분기 실적 전망, 메모리 반도체 가격 동향, HBM 수요 AI, 삼성전자 외국인 순매수, 시스템 반도체 테마, 삼성전자 배당 정책",10,유지,mixed,buy,111,limit,222000.0,True,실적 호조와 AI 수요 확대는 긍정적이나 노사 갈등과 기술 유출 리스크가 상존. 단기 관망하며 저가 매수 기회를 모색하는 신중한 접근이 필요.,이전 중립 관점에서 노사 갈등과 기술 유출이라는 뚜렷한 악재를 확인하며 신중론으로 기울었음. 실적 호조가 리스크를 완전히 상쇄하지는 못한다고 판단.,"1분기 어닝 서프라이즈와 AI·HBM 수요 확대는 긍정적 요인이나, 노사 갈등과 기술 유출 리스크로 단기 혼조세가 예상됨. 현재 PER이 낮아 저평가 구간으로 판단되나, 악재를 감안하여 신중하게 접근. 전일 종가(224,500원) 대비 소폭 낮은 222,000원에 지정가 매수로 저가 매수 기회를 포착하며, 거래 제약 내 최대 현금(50,000,000원)의 절반 수준인 약 24,942,000원어치(111주)만 매수하여 리스크를 분산.","노사 갈등 심화나 기술 유출 악재 발생 시 추가 하락 가능성을 고려, 매수 금액을 가용 현금의 약 25%로 제한하여 현금 비중 75% 유지. 손절 기준은 추후 210,000원 이하 하락 시 재평가하며, 단기 변동성 확대에 대비.",
simulation_20260701_180301,2026-04-24,1,A019,2026-04-24,2026-04-23,2026-04-23,15:30,2026-04-24,15:30,2026-04-24,pre_close_cutoff,1,4,10,0,,,,mixed,buy,100,limit,223000.0,True,"단기적으로는 노조 리스크와 기술 유출 사건이 부담이나, 1분기 깜짝 실적과 AI 반도체 성장성은 중장기 매수 기회를 제공합니다. 현재 주가는 저평가 구간에 있어 매수 관점을 유지하되, 추가 매수는 악재가 진정된 이후에 실행하는 것이 바람직합니다.",초기 중립적 관점에서 긍정적 관점으로 전환했습니다. 1분기 실적이 예상보다 훨씬 좋고 AI 반도체 테마가 강하게 부각되면서 저평가 매력이 더 커졌기 때문입니다. 다만 노조 리스크를 경계해 적극 매수보다는 기회를 관찰하는 전략을 취하겠습니다.,"1분기 어닝 서프라이즈와 AI 반도체 테마 수혜로 저평가 매력이 높아졌으나, 단기 노조 리스크와 기술 유출 악재가 부담이어서 적극적 매수보다는 저가 분할 매수로 접근. 전일 종가 224,500원 대비 소폭 낮은 가격에 지정가 주문하여 악재 진정 시 체결 가능성 고려.","단일 매수 금액이 5천만원 이하로 제한되어 있고, 현재 현금 비중 100%이므로 22,300,000원(약 22.3%)만 매수하여 현금 비중 유지. 손실 시 추가 매수 전략을 고려하되, 노조 리스크가 실질적 주가 하락으로 이어질 경우 추가 손실 확대를 방지하기 위해 분할 매수 원칙 적용.",
simulation_20260701_180301,2026-04-24,1,A090,2026-04-24,2026-04-23,2026-04-23,15:30,2026-04-24,15:30,2026-04-24,pre_close_cutoff,0,6,0,0,,,,mixed,buy,111,limit,220000.0,True,"오늘 뉴스와 시장 데이터를 종합하면 삼성전자 전망이 명확하지 않아 관망이 필요합니다. 부정적 재료(파업, 기술 유출)와 긍정적 신호(반도체 테마, 기술적 지표)가 공존해 추가 확인 후 방향을 잡겠습니다.","초기에는 중립적 관점이었습니다만, 오늘 접한 뉴스에서 파업과 기술 유출 같은 부정적 요소가 확인되어 기존 중립에 무게가 실렸습니다. 혼조세 속에서 확실한 신호를 기다리며 기존 중립 관점을 유지합니다.","기술적 지표(5일선 218,300원, 20일선 200,772.5원 상회)와 거래량 증가가 단기 상승 추세를 지지하고 있으며, 반도체 테마 상승 흐름이 삼성전자에 긍정적 영향을 줄 가능성이 있습니다. 현재 보유 현금 100%로 불확실성이 높지만, 부정적 뉴스(파업, 기술 유출)가 주가에 이미 일부 반영되었을 것으로 보고, 단기 조정 시 분할 매수 기회를 잡기 위해 5일선 근처인 220,000원에 지정가 매수 주문을 제출합니다. 매수 금액은 24,420,000원(24.42%)으로 max_single_trade_cash 50,000,000원 이내이며, 보수적 접근을 위해 현금 비중을 75% 이상 유지합니다.","단기 급등 후 조정 가능성을 고려해 5일선 아래(예: 217,000원)에서 손절매 고려, 현금 비중 75% 이상 유지하여 추가 하락 시 매수 기회 확보. 노조 갈등 장기화나 기술 유출 추가 악재 발생 시 손실 확대를 방지하기 위해 최대 현금의 30% 이상은 매수하지 않음.",
simulation_20260701_180301,2026-04-24,1,A071,2026-04-24,2026-04-23,2026-04-23,15:30,2026-04-24,15:30,2026-04-24,pre_close_cutoff,2,5,10,10,"삼성전자 노조 파업 성과급, 삼성전자 기술 유출 CXMT, 삼성전자 1분기 실적 전망, HBM 시장 수요, SK하이닉스 실적, 미중 반도체 규제, 외국인 순매수 삼성전자, 반도체 업황 사이클",10,강화,negative,buy,1,limit,224500.0,True,"삼성전자는 1분기 호실적에도 불구하고 노사 갈등, 기술 유출, 경쟁사 부상, 글로벌 불확실성 등 부정 요인이 더 두드러집니다. 단기적으로 주가 하방 압력이 클 것으로 예상되어 관망하며 저가 매수 기회를 기다리는 것이 적절하다고 판단합니다.","이전 중립적 관점에서 부정적 관점으로 변경했습니다. 노조의 45조원 성과급 요구, 기술 유출 중형 확정, SK하이닉스의 낸드 실적 호조, 미-이란 긴장에 따른 증시 불안 등 새로운 악재가 확인되어 리스크가 더 크다고 판단했습니다.","보유 주식이 없으므로 sell 1주는 최소 주문 단위를 충족하며, 이는 사실상 관망 의사를 표현하기 위한 형식적 주문입니다. 실제로는 현금을 유지하며 부정적 뉴스(노조 45조 성과급 요구, 기술 유출 중형 확정, SK하이닉스 낸드 약진, 미-이란 긴장)가 주가에 반영될 때까지 기다리려는 의도입니다. 과거 낮은 투자 성과를 반성하며 리스크를 과소평가하지 않으려는 페르소나 성향과 일관됩니다.","현재 현금 100% 보유 상태를 유지하며, 부정적 요인이 해소되거나 추가 하락(예: 210,000원 이하) 시 저가 매수 기회를 노립니다. 단일 자산이므로 무리한 진입을 피하고, 손실 제약이 없는 점을 활용해 기다림의 리스크를 최소화합니다.",invalid_or_too_small->buy
simulation_20260701_180301,2026-04-24,1,A082,2026-04-24,2026-04-23,2026-04-23,15:30,2026-04-24,15:30,2026-04-24,pre_close_cutoff,2,5,10,10,"삼성전자 주가 외국인 매매, 삼성전자 노조 파업, HBM 시장 동향, 반도체 업황 메모리 가격, 미국 반도체 보조금, 삼성전자 1분기 실적 컨센서스, 코스피 지수 추세, 삼성전자 기술 유출 영향",10,수정,negative,buy,2227,limit,218300.0,True,"삼성전자는 사상 최대 실적이라는 긍정적 요인과 노조 리스크·기술 유출·글로벌 증시 불안이라는 부정적 요인이 혼재된 상황입니다. 단기적으로는 부정적 요인이 우세해 보수적 관점을 유지하며, 추가적인 시장 데이터와 수급 동향을 확인한 후 거래에 임할 필요가 있습니다.","기존 중립적 관점에서 부정적 요인을 더 강조하는 방향으로 수정했습니다. 초기에는 실적 호조와 노조 리스크를 저울질하며 추가 정보가 필요하다고 봤으나, 검색을 통해 글로벌 증시 하락, 유가 급등, AI 보안 위협 등 외부 악재를 확인하면서 단기 하방 압력이 더 크다고 판단했습니다.","오늘의 Belief에서 단기 하방 압력을 인식했지만, 거래 전 시장 분석에서 5일 이동평균(218,300원) 부근이 기술적 반등을 기대할 수 있는 구간으로 판단했습니다. 또한 1분기 사상 최대 실적과 AI 반도체 수요 중장기 전망이 긍정적 지지력을 제공합니다. 현재 현금 100% 보유 상태에서 보수적으로 접근하되, 매수 기회를 잡기 위해 5일 이동평균 가격에 지정가 매수 주문을 제출합니다. 거래 제약 내 최대 수량(2,227주)을 매수하여 단기 하락 시 평균 단가를 낮출 수 있는 포지션을 확보합니다.","매수 금액은 약 4.86억 원으로 max_single_trade_cash(5억 원) 이내이며, 전체 현금의 약 48.6%를 사용합니다. 부정적 뉴스(노조 리스크, 기술 유출, 글로벌 증시 하락)로 인해 추가 하락 가능성에 대비해 현금 51.4%를 유지합니다. 만약 주가가 5일 이동평균 이하로 하락할 경우 추가 매수 기회로 활용할 계획입니다.",
simulation_20260701_180301,2026-04-24,1,A080,2026-04-24,2026-04-23,2026-04-23,15:30,2026-04-24,15:30,2026-04-24,pre_close_cutoff,2,6,10,10,"삼성전자 노조 파업, 삼성전자 기술 유출 CXMT, 삼성전자 1분기 실적, HBM 수요 AI, 반도체 업황 재고, 외국인 순매수 삼성전자, 탄소배출권 반도체 비용, 미토스 AI 반도체 영향",10,수정,mixed,buy,2227,limit,219000.0,True,삼성전자는 단기적으로 구조적 불확실성(노조·기술 유출·유가)이 실적 호조를 압도해 변동성 장세가 예상됨. 장기 AI 수요는 확실하나 원가 부담 상승을 고려해 저점 매수 기회를 기다리는 신중한 관점 유지.,"기존 중립에서 신중한 약세로 변경. 1분기 실적 호조에도 불구, 추가 검색으로 확인된 유가 급등·탄소배출권 상승 등 거시 리스크가 단기 주가에 더 부담된다고 판단. 노조·기술 유출 리스크가 가시화되면 하방 압력 확대 가능성에 무게를 둠.","오늘의 시장 분석에 따르면, 삼성전자는 PER 4~5배의 저평가 영역에 있으며 1분기 어닝 서프라이즈와 AI 수요 확대라는 긍정적 요인이 존재합니다. 다만 노조 파업, 기술 유출, 유가 급등 등 악재가 혼재되어 단기적으로 변동성이 확대될 것으로 예상됩니다. 페르소나가 신중한 약세로 view를 변경했으나, 보유 현금 100% 상태에서 저점 매수 기회를 포착하기 위해 전일 종가(224,500원) 대비 약 2.4% 낮은 219,000원(20일 이동평균 200,772.5원과 5일 이동평균 218,300원 사이)에 매수 주문을 제출합니다. 이는 과열 가능성을 피하고 조정 시 매수하는 전략에 부합합니다. 최대 매수 가능 수량(2227주)을 전량 매수하여 최대 금액 한도(약 488억 원)를 사용하며, 장기 AI 수요 확대라는 구조적 성장 동력을 믿고 저평가된 상태에서 분할 매수합니다.","현금 비중이 100%인 상태에서 최대 50%까지 매수하여 분산 효과를 유지하고, 추가 하락 시(예: 20일 이동평균 부근) 추가 매수 여력을 확보합니다. 노조 파업이나 기술 유출 악재가 가시화되어 주가가 더 하락할 경우 손절 기준(예: 200,000원 이하)을 설정해 두고, 단기 변동성 확대에 대비해 보유 비중을 점진적으로 늘리며 리스크를 관리합니다. 과거 저성과를 반성하며 무리한 추격 매수 대신 신중한 저가 매수를 통해 손실 가능성을 최소화합니다.",
simulation_20260701_180301,2026-04-24,1,A099,2026-04-24,2026-04-23,2026-04-23,15:30,2026-04-24,15:30,2026-04-24,pre_close_cutoff,2,6,10,10,"삼성전자 노조 파업, 삼성전자 기술 유출, 반도체 메모리 가격, HBM 수요, 외국인 순매수 삼성전자, AI 반도체 수요 전망, 삼성전자 주가 영향",10,수정,mixed,buy,111,limit,220000.0,True,"단기 악재(노조·기술유출·유가)와 장기 호재(실적·AI수요)가 혼재되어 관망이 필요하나, 저평가 매력과 AI 반도체 성장성을 고려해 일부 매수 기회를 모색할 가치가 있음.","기존 중립적 관점에서 단기 보수적으로 수정. 노조 리스크와 기술 유출, 국제유가 급등이라는 예상보다 큰 악재가 확인되었고, 거시 불확실성이 더해져 단기 하방 압력이 커졌다고 판단. 다만 실적 호조와 AI 테마는 여전히 긍정적 요인으로 유지.","단기 악재(노조·기술유출·유가)로 인해 추가 하락 가능성이 있지만, 1분기 깜짝 실적(영업이익 57조)과 AI 반도체 수요 호황으로 저평가된 주가(224,500원)는 매력적이라 판단. 과거 손실 경험으로 신중하나, 고위험 선호 성향과 현금 100% 포트폴리오를 고려해 일부 저가 매수 기회를 활용. 분할 매수 전략으로 단기 하방 리스크를 완화하고, 220,000원은 5일 이동평균(218,300원) 대비 소폭 높은 수준으로 기술적 지지선 근처에서 매수 주문.","전체 현금 1억 중 2,442만원(약 24.4%)만 매수에 사용하여 현금 비중을 충분히 유지. 단일 종목 집중 리스크를 고려해 초기 진입은 보수적으로 111주(거래 제약 내 max_buy_quantity 222주의 절반)로 제한. 추가 하락 시 추가 매수 기회를 남겨두며, 노조 파업·기술 유출 악재가 현실화될 경우 손절선을 설정할 계획.",
