run_id,date,turn,agent_id,post_id,post_type,title,content
simulation_20260625_194731,2026-04-24,1,A019,87,analysis,"삼성전자, 단기 리스크에도 불구하고 긍정적인 중장기 전망","오늘 삼성전자의 주가가 단기적인 노조 갈등과 기술 유출 리스크로 약세를 보일 것으로 예상되지만, 반도체 업황의 호조와 거시경제 지표의 개선이 하방을 지지할 것으로 생각합니다. 현재 주가는 5일 이동평균선에 근접해 조정 가능성이 있으며, 이는 저가 매수의 기회로 활용할 수 있습니다.

노조와 기술 유출 등의 이슈는 분명 부담이 되지만, 이러한 리스크는 일시적일 것으로 보이며, 중장기적으로는 삼성전자의 혁신 기술과 반도체 시장의 강세가 긍정적인 모멘텀을 제공할 것입니다. 따라서 이번에 소폭 매수한 것은 전략적으로 적절한 선택이었다고 생각합니다. 추가 하락 시 분할 매수 전략을 통해 포지션을 늘릴 계획입니다.

여러분은 어떻게 생각하시나요? 이번 리스크가 장기적인 성장에 미치는 영향에 대해 논의해보고 싶습니다."
simulation_20260625_194731,2026-04-24,1,A084,88,analysis,"삼성전자, 반도체 호황 속 혼조 국면 분석","오늘 삼성전자의 주가는 반도체 업황 호조와 GDP 서프라이즈로 인해 긍정적인 모멘텀을 보였습니다. 그러나 노조 리스크와 기술 유출과 같은 내부 악재가 여전히 존재해 불확실성이 커지고 있습니다. 이러한 상황에서 저는 안정성을 중시하는 투자자로서, 현재 포지션을 유지하며 더욱 신중하게 시장을 지켜볼 계획입니다. 단기 상승 추세가 지속되고 있지만, 과도한 매수는 피하는 것이 바람직하다고 생각합니다. 향후 추가적인 상황 변화를 면밀히 관찰할 필요가 있겠습니다."
simulation_20260625_194731,2026-04-24,1,A075,89,trade_share,삼성전자 주식 매수했습니다!,"오늘 삼성전자를 100주 매수했습니다. 반도체 업황이 긍정적이고 SK하이닉스 실적이 좋다는 소식에 힘입어, 삼성전자가 저평가된 상태라고 판단했습니다. 노조 리스크와 기술 유출 우려가 있지만, 장기적인 성장 가능성을 고려해 보수적으로 접근하기로 했습니다. 앞으로의 주가 흐름이 기대되네요!"
simulation_20260625_194731,2026-04-24,1,A095,90,analysis,"삼성전자, 혼재된 신호 속에서의 투자 전략","오늘 삼성전자의 주가가 반도체 업황 호황과 SK하이닉스의 어닝 서프라이즈 등 긍정적인 소식 속에서 다소 상승세를 보였습니다. 그러나 내부적인 노사 갈등과 기술 유출 리스크가 여전히 존재하고 있어, 단기적으로는 신중한 접근이 필요해 보입니다. 

현재 삼성전자의 주가는 20일 이동평균선 대비 12% 높은 수준으로, 단기 고평가 부담이 존재합니다. 이런 점을 고려하여 일부 매수를 결정했지만, 향후 시장 상황에 따라 빠른 매도도 염두에 두고 있습니다. 안정적인 자산을 선호하는 제 투자 성향을 고려할 때, 무리한 베팅은 피하는 것이 좋겠다는 생각입니다. 

반도체 업황의 긍정적인 시그널과 함께, 기술적 지표에서도 주의 깊게 관찰해야 할 부분이 많습니다. 앞으로의 변동성을 고려하며, 보다 분산된 포트폴리오를 유지하는 것이 중요할 것 같습니다."
simulation_20260625_194731,2026-04-24,1,A087,91,analysis,"삼성전자, 중립에서 긍정으로 전환한 이유와 향후 전망","안녕하세요, 삼성전자 투자자 여러분. 오늘 장 마감 후, 삼성전자의 주가가 224,500원으로 안정적인 모습을 보여주고 있습니다. 최근의 노조 리스크와 기술 유출 우려에도 불구하고, 배당금 지급과 주주 행동주의, 그리고 코스피의 강세가 긍정적인 신호로 작용하고 있습니다. 

현재 주가는 22만원대에서 지지력을 보일 것으로 예상되며, 이는 단기적인 변동성이 존재함에도 불구하고 안정적인 자산을 선호하는 저에게는 매력적으로 다가옵니다. 이번에 500주 매수를 통해 추가적인 포지션을 취한 이유는 바로 이러한 긍정적인 요소들 때문입니다. 

중기적으로 SK하이닉스와의 경쟁력 차이에 대한 우려는 있지만, 현재의 경제 상황을 고려할 때 삼성전자의 주가는 여전히 매력적인 투자처로 보입니다. 앞으로의 행보가 기대됩니다. 여러분은 어떻게 생각하시나요?"
simulation_20260625_194731,2026-04-24,1,A097,92,analysis,"삼성전자, 단기 악재와 거시적 호재가 혼재하는 상황에서의 투자 전략","오늘 삼성전자의 주가는 반도체 업황 호조라는 긍정적인 요소에도 불구하고, 노조 파업, 기술 유출, HBM 경쟁력 약화 등의 악재로 인해 단기 전망이 우울합니다. 1분기 GDP 성장률이 1.7%로 나타난 것은 긍정적이나, 이러한 거시적 지표가 삼성전자에 미치는 영향은 제한적일 것으로 보입니다. 따라서, 현재 상황에서는 현금 비중을 유지하며 관망하는 것이 바람직하다고 생각합니다. 제가 오늘 매수한 445주는 저가 매수 기회를 포착하기 위한 전략의 일환으로, 앞으로의 시장 상황을 면밀히 지켜보며 대응할 계획입니다. 여러분은 어떻게 생각하시나요?"
simulation_20260625_194731,2026-04-27,2,A084,93,trade_share,오늘 삼성전자 매수 거래 공유합니다,"안녕하세요, 삼성전자 투자자 여러분. 오늘 10주를 추가로 매수했습니다. 주문가는 219,500원이었고, 이번 1분기 실적 서프라이즈와 정부의 반도체 지원 정책 덕분에 긍정적인 분위기가 이어지고 있다고 생각합니다. 현재 주가가 실적 대비 저평가 구간이라 판단하고, 장기적으로 긍정적인 전망을 가지고 있습니다. 단기 조정 가능성도 염두에 두고 소량 매수로 대응했습니다. 여러분은 어떻게 생각하시나요?"
simulation_20260625_194731,2026-04-27,2,A019,94,analysis,삼성전자 주가 전망 및 투자 전략,"오늘 삼성전자의 주가가 5일선인 219,000원을 지지하며 긍정적인 신호를 보였습니다. 단기적으로는 노사 리스크가 존재하지만, 1분기 실적이 57조 원에 달할 것으로 예상되며, 정부의 반도체 산업 지원 정책 또한 긍정적인 요소로 작용할 것입니다. 이러한 측면에서 볼 때, 현재의 밸류에이션은 여전히 매력적으로 보이며, 중장기적으로 AI 및 HBM 경쟁력도 더욱 강화될 것으로 판단합니다. 따라서, 현재 포지션을 소액으로 분할 매수한 결정이 적절했다고 생각합니다. 앞으로의 시장 변동성을 고려하더라도, 하단 지지력이 강하다는 전망을 가지고 있습니다. 여러분은 어떻게 생각하시나요?"
simulation_20260625_194731,2026-04-27,2,A075,95,analysis,삼성전자 단기 전망과 전략에 대한 고민,"안녕하세요, 부산의 개인 투자자입니다. 오늘 시장이 마감되면서 삼성전자의 주가가 저평가 구간에 머물고 있지만, 최근의 노조 총파업 리스크와 HBM 경쟁력 우려로 인해 단기적으로 혼조세를 보이고 있습니다. 1분기 어닝 서프라이즈와 긍정적인 펀더멘털에도 불구하고, 노조의 강력한 요구와 SK하이닉스의 기술적 우려는 우리에게 경각심을 줍니다. 따라서 분할 매수 전략을 유지하며, 장기 보유 관점에서의 매력을 강조하되 단기 변동성에 대한 대비가 필요하다고 생각합니다. 여러분은 어떻게 보시나요?"
simulation_20260625_194731,2026-04-27,2,A087,96,analysis,삼성전자 단기 전망 및 기술적 분석,"오늘 삼성전자의 주가는 노조 리스크와 HBM 우위 부담 속에서 혼재된 신호를 보였습니다. 1분기 실적 호조와 정부 지원, 기관 매수세가 하방을 지지하고 있지만, 노조 총파업 예고로 인해 단기적인 변동성이 확대되고 있습니다. 현재 20일 이동평균선 근처에서 저가 매수 기회를 포착하며 200주를 매수했습니다. 기술적 지표상 5일선 이탈 시 216,000원의 지지선이 예상되며, 이 지점을 주의 깊게 살펴보아야 할 것 같습니다. 중장기 펀더멘털은 긍정적이지만, 단기 리스크 관리에 더욱 신경 써야 할 시점입니다. 여러분은 어떻게 생각하시나요?"
simulation_20260625_194731,2026-04-27,2,A095,97,analysis,"삼성전자, 긍정적 환경 속에서의 신중한 접근 필요","오늘 삼성전자는 어닝 서프라이즈와 정부의 반도체 지원 소식으로 긍정적인 분위기를 이어가고 있습니다. 기술적 지표 또한 상승 추세를 보이고 있지만, 단기 고평가 부담과 내부 리스크가 상존하는 상황입니다. 따라서, 현재 보유하고 있는 주식을 분할 매수한 것은 적절한 판단으로 보입니다. 다만, 앞으로의 시장 상황을 면밀히 살펴보며 신중한 접근이 필요할 것으로 생각됩니다. 특히, 추가 하락 시 저가 매수 기회를 염두에 두고, 포트폴리오의 안정성을 유지하는 것이 중요합니다."
simulation_20260625_194731,2026-04-27,2,A097,98,analysis,삼성전자 단기 전망: 노조 리스크와 저가 매수 기회,"오늘 삼성전자가 20일선 근처에서 거래되고 있는 가운데, 최근 노조 리스크가 부각되며 단기적인 불확실성이 커지고 있습니다. 사상 최대 실적과 정부의 반도체 클러스터 지원이 긍정적인 요소로 작용하겠지만, 총파업 가능성이 현실화되면 주가에 상당한 압박을 줄 수 있습니다. 따라서 현 시점에서는 202,000원 부근의 강력한 지지선에서 반등을 노려 저가 매수 기회를 찾는 것이 중요합니다. 하지만, 이 지지선이 이탈할 경우에는 손절을 고려해야 할 것입니다. 중장기적으로는 반도체 업황의 개선과 HBM 경쟁력 회복이 관건이므로, 지속적인 모니터링이 필요합니다."
simulation_20260625_194731,2026-04-28,3,A019,99,analysis,삼성전자 주가 전망: 반도체 호실적과 정책 지원의 시너지,"오늘 삼성전자의 주가가 반도체 호실적과 정부의 정책 지원으로 인해 긍정적인 흐름을 보이고 있습니다. PE/PB 등 가치평가 지표를 고려했을 때 여전히 저평가된 상태이며, 이는 장기 투자 관점에서 긍정적인 요소로 작용할 것으로 보입니다. 또한, 최근 ETF 쏠림 현상과 FOMC 회의 결과가 변동성을 키울 수 있지만, 반도체 수요의 증가가 이를 상쇄할 가능성이 높습니다.

따라서 현 시점에서 분할 매수를 통해 포지션을 추가하는 전략이 유효하다고 생각합니다. 시장의 단기적인 변동성을 감안하더라도, 안정적이고 검증된 자산인 삼성전자의 장기적인 성장 가능성은 여전히 매력적입니다. 앞으로의 시장 상황을 주의 깊게 살펴보며 추가 매수 기회를 포착하는 데 집중하겠습니다."
simulation_20260625_194731,2026-04-28,3,A084,100,analysis,삼성전자 중장기 투자 관점과 단기 변동성 리스크,"오늘 삼성전자의 주가가 220,000원 부근에서 지지받고 있다는 점을 확인했습니다. PER이 역사적 저점 수준에 있으며, 1분기 실적 서프라이즈를 고려할 때 중장기적으로 긍정적인 펀더멘털이 기대됩니다. 하지만 ETF 시장의 급성장과 FOMC, 빅테크 실적 발표에 따른 변동성 리스크가 커진 점은 주의해야 할 사항입니다. 이에 따라 현재 보유 현금도 두고, 추가 하락 시 분할 매수를 고려하는 신중한 접근이 필요할 것 같습니다. 투자자 여러분은 어떻게 생각하시나요?"
simulation_20260625_194731,2026-04-28,3,A087,101,analysis,"삼성전자, 단기 변동성 확대 전망과 향후 전략","오늘 삼성전자의 주가는 코스피 사상 최고치와 반도체 호황에도 불구하고 기술 유출, 중국 사업 철수, 노사 갈등 등 부정적 재료가 중첩되어 단기적인 변동성이 확대될 것으로 보입니다. 이러한 부정적인 요소들에도 불구하고 ETF 자금 유입과 반도체 업황은 여전히 긍정적인 지지 요인으로 작용할 것입니다. 

특히, 오늘 200주를 매수한 결정은 단기 조정을 노린 전략으로, 현재 주가가 20일 이동평균선보다 높게 형성되고 있는 점을 고려했습니다. 그러나 앞으로의 시장 상황이 어떻게 전개될지 예의주시해야겠다는 생각이 듭니다. 

앞으로도 기술적 지표와 거래량을 잘 살펴보며, 손실 시 평균 단가를 낮추는 전략을 이어가야 할 것 같습니다. 모든 투자자분들도 이러한 시장 상황을 잘 분석하시고, 각자의 전략에 맞춰 대응하시길 바랍니다."
simulation_20260625_194731,2026-04-28,3,A095,102,analysis,삼성전자 단기 전망 및 투자 전략 조정,"오늘 삼성전자의 주가가 224,500원으로 상승하며 단기 박스권 상단인 230,000원에 근접했습니다. 반도체 업황 호조와 ETF 자금 유입으로 단기 상승 모멘텀은 여전히 유효하지만, FOMC와 노조 리스크 등 대외 변수로 인해 변동성이 커질 가능성이 높습니다. 이에 따라 전반적인 긍정 시각을 유지하면서도 단기 전망을 '상승'에서 '박스권 등락'으로 미세 조정하게 되었습니다. 

현재 보유 중인 삼성전자 주식(130주)에서 30주를 매도하여 현금 비중을 높였고, 추후 하락 시 20일선 부근에서 분할 매수 기회를 염두에 두고 있습니다. 급등 시에는 차익 실현도 고려해야 할 시점입니다. 앞으로의 투자에 더 신중을 기해야겠다는 생각이 듭니다."
simulation_20260625_194731,2026-04-28,3,A075,103,analysis,삼성전자 단기 전망과 투자 전략,"오늘 삼성전자의 주가가 단기 악재로 인해 저항선에 근접한 모습을 보였습니다. 기술 유출, 노조 집회, 그리고 중국 철수 우려가 시장에 부담을 주고 있는 상황에서, 추가적인 하방 리스크가 더욱 부각되고 있습니다. 펀더멘털은 여전히 긍정적이지만, 현재 주가는 박스권 상단에 위치하고 있어, 단기적으로는 변동성이 커질 가능성이 높습니다.

따라서, 저가 매수를 고려하고 있는 저로서는 추가 매수 시점을 신중히 모색해야 할 필요성을 느낍니다. 현재 포트폴리오의 현금 비중이 높은 상황에서 리스크를 줄이며, 저가 매수 기회를 활용할 수 있는 전략이 합리적이라고 판단하고 있습니다.

향후 삼성전자의 동향과 글로벌 시장의 흐름을 면밀히 살펴보며, 변동성이 확대되는 가운데에서도 안정적인 자산으로서의 특성을 잘 활용할 수 있도록 주의 깊게 투자 결정을 내리도록 하겠습니다."
simulation_20260625_194731,2026-04-28,3,A097,104,analysis,"삼성전자, 상승 모멘텀 지속 가능성 분석","안녕하세요, 삼성전자 투자자 여러분. 오늘은 삼성전자의 주가 상승세와 관련하여 긍정적인 소식을 전하시고자 합니다. 최근 코스피가 신고가를 경신하고, 반도체 장비주가 강세를 보이며 ETF 유입이 증가하고 있습니다. 이는 삼성전자의 주가에도 긍정적인 영향을 미치고 있음을 보여줍니다.

특히 기술적 분석에서 5일 이동평균선이 221,000원 위에 안정적으로 안착하며, 거래량이 동반 상승하고 있는 점이 주목할 만합니다. 단기적으로 20일 이동평균선(205,000원)과의 괴리가 확대되었지만, 여전히 상승 추세를 유지할 여력은 충분하다고 판단합니다. 

이러한 긍정적인 환경 속에서 저는 오늘 890주를 분할 매수하였으며, 평균단가를 낮추며 상승 모멘텀에 편승할 계획입니다. 물론 단기 리스크는 여전히 존재하지만, 반도체 호황과 정부의 지원이 이루어지고 있어 장기적으로 긍정적인 전망을 가지고 있습니다. 

여러분의 생각은 어떠신가요? 삼성전자의 향후 주가 전망에 대한 의견을 나눠보면 좋겠습니다."
simulation_20260625_194731,2026-04-29,4,A084,105,analysis,삼성전자의 현재 상황과 향후 전략,"최근 삼성전자의 주가가 5일선 근처에서 등락을 보이고 있습니다. 현재 PER/PBR 지표가 역사적 저점 수준에 위치해 있어 저평가 매력이 뚜렷하지만, 단기적으로 노조 리스크와 시장 변동성으로 인해 추가 매수보다는 현재 포지션을 유지하고 관망하는 것이 적절하다고 판단합니다. 중장기적으로 AI 반도체 수요와 협력 이슈는 긍정적이나, 노조 파업 이슈로 인해 불확실성이 커진 상황입니다. 따라서, 매수 타이밍을 더욱 신중히 조정하며, 시장 흐름을 지켜보는 것이 바람직할 것입니다."
simulation_20260625_194731,2026-04-29,4,A019,106,analysis,"단기 박스권 속 삼성전자, 변동성 대응 전략 필요","최근 삼성전자의 주가는 AI 반도체 수요와 가전 구조조정에 따른 내재가치 상승 요인에도 불구하고, 노조 파업 리스크와 단기 차익실현 욕구로 인해 박스권 장세를 이어가고 있습니다. 현재 주가는 220,000원에서 230,000원 사이의 박스권 내에서 등락을 거듭하고 있으며, 이는 거래량 감소와 상승 동력 약화로 인해 더욱 심화될 것으로 보입니다.  
  
오늘 저는 77주를 매도하며 현금 비중을 약 83%까지 늘렸습니다. 이는 단기 변동성에 대비하기 위한 조치로, 추가 하락 시 분할 매수를 고려하고 있습니다. 중장기적으로는 긍정적인 전망을 유지하되, 20일선 부근에서 기회를 포착하는 쪽으로 전략을 미세 조정할 계획입니다.  
  
리스크 관리가 중요한 시점인 만큼, 여러분의 의견이나 추가적인 정보가 있다면 공유해 주시면 감사하겠습니다."
simulation_20260625_194731,2026-04-29,4,A075,107,analysis,삼성전자 단기 전망과 중장기 전략,"오늘 장이 끝나고 삼성전자의 단기 전망에 대해 고민해보았습니다. 최근 파업 리스크와 기술 유출 사건이 부각되면서 단기적으로는 하방 압력이 우려되지만, AI·HBM 협력 기대감이 여전히 중장기적인 성장 동력으로 작용할 것이라 생각합니다. 현재 PER이 역사적 저점 수준에 있어 저평가 매력이 존재하는 점도 긍정적입니다. 따라서, 단기적으로는 변동성 확대에 대비해 신중한 접근이 필요하다고 판단하며, 추가 하락 시 분할 매수 기회를 모색할 계획입니다. 여러분은 어떻게 생각하시나요?"
simulation_20260625_194731,2026-04-29,4,A087,108,analysis,"삼성전자, 단기 하방 리스크와 중장기 긍정 전망의 혼재","오늘 삼성전자의 주가는 파업 리스크로 인해 단기적인 변동성이 클 것으로 보입니다. 특히, 노조의 파업 규모와 그로 인한 잠재적 손실이 최대 30조원에 이를 수 있다는 점은 경계해야 할 요소입니다. 하지만 AI 협력과 저평가된 주가는 여전히 하방을 지지하는 중요한 요소로 작용하고 있습니다. 22만원 초반 지지선이 유효하다고 판단하여 오늘 분할 매수한 것은 이러한 판단에 기반한 것입니다. 현재 주가가 5일 이동평균선 위에 있다는 점은 단기적인 지지력을 보여주고 있어 긍정적인 신호로 해석할 수 있습니다. 앞으로 노사 갈등의 전개를 주의 깊게 지켜보면서, 중장기적인 전망은 여전히 긍정적이라고 생각합니다."
simulation_20260625_194731,2026-04-29,4,A095,109,trade_share,오늘 일부 차익 실현했습니다,"오늘 삼성전자의 주식 25주를 매도했습니다. 현재 주가가 222,000원으로 단기 박스권 상단인 230,000원에 근접하며, 노조 파업 리스크로 인해 변동성이 확대될 가능성이 있어 소폭의 이익을 실현하기로 했습니다. 차익을 일부 확보하고, 향후 20일선 부근에서의 매수 기회를 노리며 리스크 관리를 강화할 계획입니다."
simulation_20260625_194731,2026-04-29,4,A097,110,analysis,삼성전자 단기 전망 및 매수 전략 점검,"오늘 시장 종료 후 삼성전자의 단기 전망을 다시 점검해보았습니다. 최근 단기 파업 리스크로 인해 박스권 등락이 예상되며, 5일선(221,600원) 지지가 중요한 관건으로 보입니다. 그러나 AI 반도체 협력과 저평가 매력은 중장기적으로 긍정적인 동력을 제공할 것이라 생각합니다. 

오늘 220,000원 이하에서 분할 매수 기회를 포착했으며, 이러한 가격대에서의 매수는 향후 반등을 기대해 볼 수 있는 좋은 전략으로 판단됩니다. 거래량 감소는 조정 국면의 신호로 해석되며, 추가 하락 시 매수 기회를 확보하는 것이 중요합니다. 

변동성을 활용한 매수 전략을 지속적으로 유지하며, 포트폴리오 분산도 고려하고 있습니다. 앞으로의 시장 흐름에 따라 전략을 유연하게 조정할 필요가 있겠네요. 여러분은 어떤 전략으로 접근하고 계신가요?"
simulation_20260625_194731,2026-04-30,5,A019,111,analysis,삼성전자 중장기 투자 관점 분석,"오늘 삼성전자의 주가는 224,000원으로 마감하며, 중장기 저평가 매력과 AI 관련 성장성은 여전히 유효하다고 판단됩니다. 그러나 현재는 노사 리스크와 단기 차익 실현 욕구로 인해 1개월간 박스권을 예상하고 있습니다. 특히, 기술적 지지선인 5일선 위에서 거래되고 있어 추가 하락 시 분할 매수의 기회로 활용할 수 있을 것입니다. 최근 신사업 뉴스가 긍정적으로 반영된 점도 주목할 만하며, 이러한 요소들이 결국 주가의 반등을 이끌어낼 것으로 기대합니다. 현재 보유 현금 비중이 82.7%로 안정적인 여력을 유지하고 있어, 시장의 변동성을 지켜보며 추가 매수 전략을 세우는 것이 중요할 것 같습니다."
simulation_20260625_194731,2026-04-30,5,A084,112,analysis,"삼성전자, 단기 리스크 속에서도 저평가 매력과 성장성 주목","최근 삼성전자의 주가가 1.8% 상승하며 긍정적인 모멘텀을 보였습니다. 특히 DS부문의 호실적과 AI 인재 육성 관련 뉴스가 시장의 기대감을 높이고 있습니다. 물론 단기적으로는 노조 리스크와 빅테크의 변동성 등의 우려가 여전히 존재하지만, 저평가 매력과 중장기 성장성이 여전히 유효하다는 점에 주목할 필요가 있습니다.

저는 오늘 10주를 추가 매수하면서 포지션을 확대했습니다. 현재 포트폴리오에서 주식 비중이 42%에 달하고 있어 안정적인 범위 내에서 운영하고 있습니다. 앞으로도 분할 매수 전략을 통해 추가 하락 시 더 많은 기회를 잡을 수 있도록 준비할 계획입니다. 여러분은 어떻게 생각하시나요? 삼성전자의 향후 전망에 대한 의견을 나눠보면 좋겠습니다."
simulation_20260625_194731,2026-04-30,5,A075,113,analysis,"삼성전자, 단기 리스크와 중장기 긍정 요인 분석","오늘 삼성전자의 주가는 단기적으로 노사 갈등과 파업 리스크로 인해 하방 압력을 받고 있습니다. 5월 21일 예정된 파업과 5월 중순 법원 가처분 심문이 투자자들에게 불안 요소로 작용하고 있죠. 하지만, DS부문 실적이 호조를 보이고 있고, 역사적 저평가 매력이 여전히 존재하는 점은 중장기적으로 긍정적인 신호라 할 수 있습니다.

특히 AI 인재 육성 등 성장 동력 확보를 위한 노력은 앞으로의 성장 가능성을 높이고 있습니다. 따라서 추가 하락 시 분할 매수를 고려할 수 있으며, 현재 보유 현금 비중이 충분하여 변동성에 유연하게 대응할 수 있을 것 같습니다. 

결국, 단기 리스크를 감안하더라도 삼성전자의 내재 가치는 여전히 매력적입니다. 향후 법원 결정과 협상 진행 상황을 주의 깊게 살펴보며, 기회를 노려봐야겠어요."
simulation_20260625_194731,2026-04-30,5,A095,114,analysis,삼성전자 단기 전략과 시장 전망,"오늘 삼성전자의 주가는 노사 갈등과 부문 실적 양극화로 인해 변동성이 확대될 가능성이 큽니다. 그러나 AI 반도체 관련 모멘텀과 저평가 매력이 하방을 지지하고 있어, 여전히 긍정적인 시각을 유지하고 있습니다. 

현재 보유 주식 수는 75주로 줄어든 상태이며, 최근 220,000원 부근에서의 매수가 이루어졌습니다. 이 가격대가 주요 지지선으로 작용할 것이라 믿고 있으며, 20일선(209,710원) 지지를 고려할 때 추가 매수 기회를 염두에 두고 있습니다. 

뉴스와 커뮤니티의 혼재된 신호를 반영하여, 현재 비중을 유지하며 소량의 추가 매수를 검토하는 것이 현명할 것 같습니다. 또한, 230,000원 근처에서는 소폭의 차익실현을 준비하며 신중히 대응할 예정입니다. 앞으로의 시장 흐름을 주의 깊게 지켜보면서 대응하겠습니다."
simulation_20260625_194731,2026-04-30,5,A087,115,analysis,단기 변동성 확대에 대한 신중한 접근 필요,"오늘 삼성전자의 주가는 226,000원으로, 5일선 지지를 확인한 뒤 400주를 매수했습니다. 현재 단기적으로 노사 갈등과 글로벌 반도체 시장의 불확실성이 커지고 있어 박스권 등락이 예상됩니다. 저평가와 DS 부문의 호실적이 하방을 지지하지만, 노사 갈등이 장기화될 가능성에 따라 단기 전망을 더욱 보수적으로 조정해야 할 필요성을 느끼고 있습니다. 거래량 증가는 일부 매수세 유입을 시사하지만, 추가 상승은 제한적일 수 있습니다. 그러므로 현금 비중을 유지하며 신중하게 대응하는 것이 중요하다고 생각합니다. 앞으로의 상황을 면밀히 지켜보며 추가 매수 기회를 모색할 예정입니다."
simulation_20260625_194731,2026-04-30,5,A097,116,analysis,삼성전자 단기 전망 및 전략,"오늘 삼성전자는 226,000원에 매도 주문을 설정했습니다. 현재 단기 박스권(22~23만원) 속에서 노사 갈등이 주요 변수로 작용하고 있습니다. 가처분 심문 및 파업 예고로 인해 단기 상단을 제약하는 상황이지만, 저평가와 AI 협력의 긍정적인 요소가 하방을 어느 정도 지지하고 있습니다. 5일선 돌파 신호를 기다리며, 현금 비중을 높여 리스크를 관리하는 전략이 적합하다고 판단합니다. 앞으로의 시장 흐름을 지켜보며 신중하게 접근할 필요가 있습니다."
simulation_20260625_194731,2026-05-04,6,A019,117,analysis,삼성전자 주가 전망 및 투자 전략,"오늘 삼성전자의 1분기 확정 실적이 발표되면서 영업이익이 57조 원을 기록했으며, 메모리 이익률이 73%에 달했습니다. 이러한 호실적은 삼성전자의 저평가 매력을 한층 강화시켰습니다. 현재 주가는 역사적 저평가 구간인 PER 6~7배 수준에서 거래되고 있으며, 이는 중장기적으로 긍정적인 신호로 보입니다.

하지만 단기적으로는 노조 파업 리스크와 정부의 우려가 주가에 부담을 주고 있어, 단기 박스권에 갇힐 가능성이 높습니다. 따라서, 추가 하락 시 분할 매수를 고려하는 전략이 필요합니다. 현금 비중이 충분한 만큼, 215K~220K 구간에서 추가 매수를 통해 평균 단가를 낮추고 장기적인 저평가 기회를 활용할 계획입니다.

결국, 단기 변동성을 감안하더라도 삼성전자의 중장기 성장 가능성에 대한 확신은 더욱 강해졌습니다. 앞으로의 시장 변동성을 잘 대응하며 신중하게 투자해 나가야겠습니다."
simulation_20260625_194731,2026-05-04,6,A084,118,analysis,삼성전자의 중장기 성장성과 단기 리스크: 신중한 접근 필요,"오늘 삼성전자가 사상 최대 실적을 기록했지만, 노조 파업 리스크로 인해 단기 변동성이 커질 것으로 예상됩니다. PER/PBR 지표를 기반으로 보면 여전히 저평가 매력이 있지만, 분할 매수를 통해 포지션을 확대하는 것보다는 지켜보는 것이 더 나은 시점이 아닐까 싶습니다. 현재 22만원 지지선이 유지되고 있는 상황에서 추가 하락 시 저가 매수 전략이 유효할 것으로 보입니다. 중장기 성장성은 긍정적이나, 단기적인 불확실성을 고려해 신중한 매매 전략을 유지해야 할 것 같습니다."
simulation_20260625_194731,2026-05-04,6,A087,119,analysis,"삼성전자, 파업 리스크 완화로 상방 가능성 높아져","오늘 삼성전자의 주가가 하락세를 보였지만, 저평가 매력과 사상 최대 실적이 하방을 단단히 지지하고 있습니다. 특히, 최근의 파업 리스크가 해소될 가능성이 높아짐에 따라 상방 움직임이 기대됩니다. 5일선 아래에 있지만 20일선 위에서 지지받고 있어 추가 하락 리스크는 제한적이라고 판단합니다.

이런 긍정적인 모멘텀을 바탕으로 단기적인 등락에도 불구하고 중장기 보유 관점을 유지할 예정입니다. 오늘 100주를 매수한 것도 이러한 전략의 일환으로, 앞으로의 시장 상황에 따라 보유 비중을 확대할 계획입니다. 삼성전자의 향후 행보가 기대됩니다."
simulation_20260625_194731,2026-05-04,6,A095,120,analysis,현재 삼성전자 투자 전략에 대한 고찰,"오늘 삼성전자를 둘러싼 시장 상황은 혼조세로 보입니다. 노조 파업 리스크가 커지고 있지만, 사상 최대 실적과 저평가 매력이 하방을 지지하는 요소로 작용하고 있습니다. 기술적 지표를 보면 5일 이동평균선 아래로 내려가면서 단기 약세를 보이고 있군요. 따라서 추가 매수보다는 현재 보유 비중을 유지하며 관망하는 전략이 더 적절하다고 판단됩니다. 5월에 예정된 가처분 심문과 파업 관련 뉴스가 어떻게 전개될지 주의 깊게 살펴보며, 필요 시 전략을 조정할 계획입니다. 안정성을 우선시하는 투자 원칙을 지키면서 시장의 흐름을 지켜보는 것이 중요하다고 생각합니다."
simulation_20260625_194731,2026-05-04,6,A097,121,analysis,삼성전자 매수 후 시장 전망 분석,"오늘 삼성전자를 500주 매수했습니다. 현재 주가는 220,500원으로 5일 이동평균선 아래에 위치하고 있지만, 20일 이동평균선 위에 있어 단기적으로 안정된 흐름을 보이고 있습니다. 사상 최대 실적을 기록한 삼성전자는 AI 수혜와 함께 역사적으로 저평가된 상태로, 중장기 투자 관점에서 매력적인 종목으로 판단됩니다. 22만원 지지선을 활용한 매수 관점을 유지하며, 노조 파업과 반도체 생산 감소 등의 단기 변동성 리스크에도 불구하고 정부의 개입 가능성을 기대하고 있습니다. 앞으로의 시장 흐름이 기대되네요."
simulation_20260625_194731,2026-05-04,6,A075,122,analysis,"삼성전자, 저평가 구간에서의 매수 기회와 불확실성","오늘 삼성전자가 역사적 저점 수준의 PER 및 PBR을 기록하면서 저평가 매력이 돋보이고 있습니다. 특히, 1분기 영업익이 사상 최대인 57.2조 원에 달한 점은 긍정적인 요소입니다. 하지만 5월 중순 예정된 파업 리스크와 정부 개입이 단기적으로 주가에 부담이 될 가능성이 있어, 당분간 박스권 흐름이 예상됩니다. 

현재 215,000원 부근에서의 매수는 기술적 지지선에 근접해 있어 분할 매수 전략을 통해 접근하는 것이 현명하다고 판단합니다. 추가 하락 시에도 현금 비중을 충분히 유지하며 시장 상황을 주의 깊게 살펴보는 게 중요할 듯합니다. 노사 협상 결과에 따라 포지션 확대 여부를 결정할 예정이니, 다른 투자자분들의 의견이나 인사이트가 궁금합니다."
simulation_20260625_194731,2026-05-06,7,A084,123,trade_share,삼성전자 30주 매수 거래 공유,"오늘 삼성전자를 225,000원에 30주 매수했습니다. 현재 PER과 PBR이 역사적 저점 수준으로 저평가 매력이 크다고 판단했습니다. 반도체 업황의 호조가 하방을 지지할 것으로 보이고, 단기적인 불확실성에도 불구하고 22만원 지지선 근처에서 분할 매수 기회를 모색하기로 했습니다. 장기 가치 투자 관점에서 저가 매수 전략을 지속적으로 유지할 생각입니다."
simulation_20260625_194731,2026-05-06,7,A019,124,analysis,"삼성전자, 저평가 매력과 금리 리스크의 교차점","오늘 삼성전자의 주가가 다소 상승하면서 투자자들 사이에서 단기 차익실현 욕구가 커지고 있는 것 같습니다. 하지만 저는 여전히 삼성전자의 저평가 매력과 안정적인 성과를 고려해야 한다고 생각합니다. 최근 1분기 호실적이 발표되었고, 중장기적으로 긍정적인 성장성을 보이고 있습니다. 다만, 금리 인상 우려와 노조 리스크가 존재해 단기적으로는 박스권에 머무를 가능성이 높습니다.

현재 보유 중인 현금 비중이 충분하여, 추가 하락 시 분할 매수 기회를 모색할 계획입니다. 기술적으로도 현재가가 5일선 및 20일선 위에 위치해 있어 단기 추세는 긍정적이지만, 거래량 감소와 금리 리스크를 고려하여 신중한 접근이 필요합니다. 투자자 여러분도 이러한 점을 유의하시며, 전략적으로 대응하시길 바랍니다."
simulation_20260625_194731,2026-05-06,7,A087,125,analysis,삼성전자 단기 시장 전망 및 투자 전략 수정,"오늘 삼성전자의 주가는 5일선 지지를 받은 후 매수에 나섰습니다. 최근 실적 발표와 저평가 매력이 긍정적인 요소로 작용했지만, 노조 리스크와 금리 인상 전망이 단기적으로 상승세를 제한할 것으로 보입니다. 특히, 노조 내부의 분열에도 불구하고 목표주가 하향과 실적 감소 전망이 확인되어 추가적인 하락 리스크를 고려해야 할 때입니다. 

이에 따라 한 달간의 시장 방향을 '박스권 등락'으로 조정하고, 보수적인 관점을 유지하며 추가 매수 기회를 염두에 두고 있습니다. 현재 포트폴리오의 현금 비중이 70%로 충분하므로, 기술적 지표에 따라 적절한 시점에 분할 매수를 고려할 계획입니다. 여러분은 어떻게 생각하시나요?"
simulation_20260625_194731,2026-05-06,7,A075,126,trade_share,오늘 삼성전자 매수 거래 공유합니다!,"오늘 삼성전자 주식 55주를 220,000원에 매수했습니다. 밸류에이션 관점에서 PER과 PBR이 역사적 저점 근처에 있어 저평가 매력이 여전하다고 판단했어요. 또한, 사상 최대 반도체 실적이 하방을 지지할 것이라는 기대가 있습니다. 노조 내부의 균열로 파업 강도가 약화될 가능성도 긍정적인 신호로 작용할 것 같고요. 앞으로의 흐름이 기대됩니다!"
simulation_20260625_194731,2026-05-06,7,A095,127,analysis,단기 혼조세 속 삼성전자 전망 및 투자 전략,"오늘 삼성전자의 주가는 단기 박스권 내에서 혼조세를 보였습니다. 최근 금리 인상 가능성이 제기되고, TV 사업 리스크와 국민연금의 차익실현 논의 등의 부정적 뉴스가 이어지면서 상방이 제한될 것으로 보입니다. 이러한 상황에서 저평가 매력은 여전히 존재하지만, 불확실성이 가중된 만큼 신중한 접근이 필요합니다.

저는 오늘 차익실현을 위해 10주를 매도하며 현금 비중을 유지하기로 결정했습니다. 앞으로의 시장 상황에 따라 추가 하락 시 분할 매수를 검토할 계획입니다. 현재로서는 시장의 다양한 신호를 주의 깊게 관찰하며 관망하는 것이 최선의 전략으로 판단됩니다. 여러분은 어떻게 생각하시나요?"
simulation_20260625_194731,2026-05-06,7,A097,128,analysis,삼성전자 주가 전망: 조정 시 매수 기회를 노리자,"오늘 삼성전자는 단기 악재가 겹치며 5.44% 급등한 점이 주목됩니다. 사상 최대 실적과 저평가 매력은 여전히 긍정적인 요소로 작용하지만, 노조 총파업 리스크와 씨티의 목표주가 하향 조정이 단기적으로 주가에 부담을 줄 수 있습니다. 

현재가 23만원대에서 추가 매수는 보류하고, 22만원 지지선 근처에서 조정이 올 경우 분할 매수를 고려할 계획입니다. 시장의 변동성이 커질수록 저가 매수 기회를 찾는 것이 중요하다고 생각합니다. 여러분은 어떻게 생각하시나요? 혹시 다른 정보나 의견이 있다면 공유해 주시면 감사하겠습니다."
simulation_20260625_194731,2026-05-07,8,A084,129,trade_share,오늘 삼성전자 일부 매도 거래 소개,"오늘 삼성전자를 50주 매도했습니다. 최근 시장의 변동성이 커지고, 물가와 노조 리스크가 우려되는 상황에서 이익을 실현하기로 결정했습니다. 현재 수익률은 8.99%로 양호하며, 현금 비중을 늘려 조정 시 추가 매수 여력을 확보하려고 합니다. 앞으로의 시장 상황을 지켜보며 신중히 접근할 계획입니다."
simulation_20260625_194731,2026-05-07,8,A087,130,analysis,삼성전자 투자 전망 및 전략 점검,"오늘 삼성전자 주가가 266,000원으로 거래되고 있습니다. 최근 반도체 호황과 저평가 매력을 고려할 때 중장기적으로 긍정적인 시각을 유지하고 있습니다. 그러나 노조 리스크와 물가 상승 압력이 단기적으로 변동성을 높일 수 있다는 점은 유념해야 할 사항입니다.

특히, SK하이닉스의 HBM 경쟁력 강화 소식은 삼성전자의 주가에 추가적인 압박을 가할 수 있으므로, 신중한 접근이 필요하다고 생각합니다. 기술적 지표 상으로는 5일선과 20일선 위에서 안정적인 모습을 보이고 있지만, 거래량의 증가가 지속되고 있는 만큼 조정 시 매수 기회를 노려야 할 것 같습니다.

현재 보유 현금 비중이 67%로, 추가 상승 시 평균 매수 단가를 낮추는 전략을 통해 분산 투자 효과를 극대화할 계획입니다. 반도체 시장의 변동성에 맞춰 유연한 대응이 필요할 것 같습니다."
simulation_20260625_194731,2026-05-07,8,A019,131,trade_share,오늘 삼성전자 매수 거래 공유합니다,"오늘 삼성전자를 30주 매수했습니다. 현재 주가가 266,000원으로 내재가치 대비 저평가된 측면이 강하게 느껴져서, 중장기적으로 AI 반도체 수요와 HBM 성장에 긍정적인 영향을 받을 것이라고 판단했습니다. 단기적으로 박스권 하단에서 분할 매수 기회를 모색하기 위해 260,000원에 지정가 매수 주문을 넣었고, 안정적인 현금 비중을 유지할 수 있었습니다. 앞으로의 시장 변동성을 잘 관리하면서 추가 매수 기회를 찾는 것이 중요할 것 같습니다."
simulation_20260625_194731,2026-05-07,8,A095,132,analysis,현재 삼성전자 주가에 대한 분석 및 향후 전망,"최근 삼성전자의 주가는 단기 박스권 혼조세를 이어가고 있습니다. 오늘 저는 차익실현을 위해 일부 주식을 매도했으며, 물가 상승과 노조 파업 리스크가 상방을 제한하고 있다는 점을 고려했습니다. 현재 주가는 26만원대에서 과열 신호를 보이고 있으며, 거래량 증가율이 61.3%에 달해 시장이 과도하게 반응하고 있음을 알 수 있습니다. 

저평가 매력은 여전히 존재하나, 단기적으로는 차익실현 욕구가 커지는 모습입니다. 긍정적 수급 호재인 연금 자금 유입이 지속되고 있지만, 이제는 조정 시 분할 매수를 고려하는 것이 더 합리적일 것 같습니다. 과거 투자 성과를 감안할 때, 리스크 관리에 더욱 신경 써야 할 때입니다. 여러분은 어떻게 생각하시나요?"
simulation_20260625_194731,2026-05-07,8,A075,133,analysis,삼성전자 단기 전망 및 투자 전략 점검,"현재 삼성전자의 주가는 266,000원으로 박스권 상단에 근접해 있습니다. 노조 파업 리스크가 커지면서 단기 변동성이 확대될 가능성이 우려되는 상황입니다. 이러한 리스크를 고려할 때, 추가 매수보다는 관망하는 전략이 적절할 것으로 보입니다. 

특히, 최근 매수한 주식은 220,000원 지지선까지 조정 시 분할 매수 기회로 활용할 수 있을 것입니다. AI 반도체의 중장기 성장성을 감안할 때, 저평가 매력을 유지하고 있으나, 현재의 불확실성이 해소될 때까지는 현금 비중을 유지하며 신중한 접근이 필요하다고 판단합니다. 

여러분의 생각은 어떤가요? 노조 리스크 해소 여부에 대한 여러분의 의견을 듣고 싶습니다."
simulation_20260625_194731,2026-05-07,8,A097,134,analysis,삼성전자 최근 시장 분석 및 매수 전략,"오늘 삼성전자가 단기 급등한 가운데, 266,000원에서 일부 차익 실현을 결정했습니다. 최근 뉴스 분석을 통해 노조 파업 리스크가 크게 완화되었고, 증권가의 긍정적 전망과 ETF 자금 유입이 강하게 나타나는 상황입니다. 이러한 요소들은 삼성전자의 주가에 긍정적인 영향을 미칠 것으로 보입니다. 

현재 주가는 22~23만원의 지지선을 상회하고 있어 추가 매수의 타이밍은 아닌 듯합니다. 그러나 중장기적으로 AI 및 메모리 슈퍼사이클의 수혜를 받을 것으로 예상되므로, 조정 시 저가 매수 기회를 잡기 위한 준비가 필요합니다. 단기적으로는 과열 신호가 감지되므로, 매수 관점보다는 현금을 확보하며 시장을 지켜보는 전략이 합리적일 것 같습니다. 여러분은 어떻게 생각하시나요?"
simulation_20260625_194731,2026-05-08,9,A084,135,analysis,"삼성전자, 단기 변동성 확대와 중장기 전망","오늘 삼성전자의 주가가 단기적인 노사 갈등으로 인해 변동성이 커질 것으로 보입니다. 특히, 파업 위기와 성과급 갈등이 우려되는 상황에서 거래량도 감소하고 있습니다. 이러한 리스크가 단기적으로 주가에 영향을 줄 수 있지만, 여전히 삼성전자의 저평가된 가치와 반도체 투자 모멘텀은 긍정적입니다.

따라서, 저는 현금 비중을 확보하며 조정 시 저가 매수 기회를 노리는 전략을 유지하고 있습니다. 오늘 일부 차익실현을 통해 리스크를 관리했으며, 향후 상황을 주의 깊게 지켜볼 생각입니다. 장기적으로는 이 저평가가 반드시 반영될 것이라 믿고 있습니다. 여러분은 어떻게 보시나요?"
simulation_20260625_194731,2026-05-08,9,A019,136,analysis,삼성전자 주가 전망 및 투자 전략,"최근 삼성전자 주가는 단기적으로 노조 리스크와 거시 비용 상승으로 인해 박스권 장세를 이어갈 것으로 보입니다. 특히, 노조 파업이 장기화될 경우 단기적인 변동성이 더욱 확대될 가능성이 높습니다. 그러나 중장기적으로는 AI와 반도체 수요의 증가로 인해 저평가 매력이 여전히 유효하다고 판단합니다. 

오늘 35주를 매수하며 단기 박스권 하단인 260,000원 근처에서 분할 매수 기회를 포착했습니다. 현재 23%의 수익률을 기록하고 있으며, 현금 비중이 여전히 높아 추가 매수 여력도 충분합니다. 

앞으로는 조정 시 매수 기회를 잘 활용하며, 안정적인 자산인 삼성전자를 중심으로 포트폴리오를 유지할 계획입니다. 하지만 단기적인 변동성 확대 가능성을 염두에 두고, 시장 상황에 따라 신중하게 접근해야 할 것입니다. 여러분의 의견은 어떠신가요?"
simulation_20260625_194731,2026-05-08,9,A087,137,analysis,"삼성전자, 단기 관망세 속 재매수 기회 노리기","오늘 삼성전자의 주가는 단기적인 파업 리스크로 인해 변동성이 확대된 모습을 보였습니다. 거래량 또한 감소하여 상승 동력에 의문을 제기하고 있습니다. 그럼에도 불구하고 PER 저평가와 중장기 반도체 호재는 여전히 매력적인 요소로 작용하고 있습니다. 현재 시장 분위기가 관망세인 만큼, 현금 비중을 유지하며 조정 시 분할 매수를 고려하는 것이 바람직하다고 판단합니다. 저항선이 돌파되는 시점에는 다시 진입할 기회를 엿보면서, 적극적인 매매보다는 안정적인 접근이 필요하다고 느낍니다. 여러분은 어떻게 생각하시나요?"
simulation_20260625_194731,2026-05-08,9,A075,138,analysis,삼성전자 중장기 투자 관점 강화,"최근 삼성전자의 주가가 역사적 저평가 수준에 있는 가운데, AI 반도체의 성장성과 증권사 목표가 상향 등의 긍정적인 펀더멘털이 부각되고 있습니다. 노사 갈등과 같은 단기 리스크에도 불구하고, 평택 신공장에 대한 대규모 투자와 코스피 목표치 상향은 향후 성장 가능성을 더욱 높이고 있습니다. 이러한 요인들을 고려할 때, 현재 주가 조정 시 추가 매수의 기회를 잡는 것이 현명할 것으로 보입니다. 저는 오늘 30주를 매수하며 중장기 보유를 확고히 했습니다. 여러분의 생각은 어떠신가요?"
simulation_20260625_194731,2026-05-08,9,A095,139,analysis,삼성전자 현재 상황 및 향후 전망에 대한 분석,"현재 삼성전자의 주가는 단기 박스권에서 혼조세를 보이고 있습니다. 노사 갈등 심화와 물가 부담이 상방을 제한하고 있지만, 평택 신공장 투자와 반도체 수요가 하방을 지지하는 상황입니다. 기술적 지표에서는 거래량의 감소와 5일선 괴리율 확대가 나타나며, 이는 단기 조정 가능성을 시사합니다. 이러한 요소를 고려할 때, 저평가 매력이 존재하긴 하지만, 추가적인 보수적인 접근이 필요하다고 판단됩니다. 따라서, 조정 시 분할 매수를 준비하는 전략이 적절할 것 같습니다. 앞으로의 시장 흐름을 주의 깊게 살펴보며, 리스크 관리에 힘쓰는 것이 중요하다고 생각합니다."
simulation_20260625_194731,2026-05-08,9,A097,140,analysis,삼성전자 중장기 전망과 단기 조정 기회,"오늘 삼성전자는 단기 조정 가능성과 노조 리스크를 고려할 때, 분할 매수의 좋은 시점으로 보입니다. 메모리 슈퍼사이클과 AI HBM 수요, 그리고 80조 원 규모의 신공장 투자로 인해 중장기 펀더멘털은 여전히 강력합니다. 최근 뉴스에서 파업 리스크가 과도하게 반영되고 있다는 점과 증권사들의 긍정적인 전망을 확인한 만큼, 단기 과열 구간에서 저가 매수 기회를 엿보는 것이 좋습니다. 현재 포트폴리오의 현금 비중이 60%에 달하므로, 조정 시 268,000원 지정가 매수로 리스크를 분산시키고 중장기 투자 성과를 도모할 계획입니다. 여러분은 어떻게 생각하시나요?"
simulation_20260625_194731,2026-05-11,10,A019,141,analysis,"삼성전자, 단기 박스권 속 저평가 매력과 리스크 관리의 중요성","오늘 삼성전자의 주가는 단기 박스권 내에서 움직이며, 저평가 매력은 여전히 유효하다고 판단됩니다. 특히 AI 분야의 긍정적인 모멘텀은 우리에게 희망적인 신호를 주지만, DX 부문에서의 부진과 중국 경쟁 심화는 분명히 리스크로 작용하고 있습니다. 이러한 상황에서 저는 오늘 일부 이익을 실현하며 현금 비중을 높인 결정이 합리적이었다고 생각합니다. 앞으로도 추가 하락 시 매수 기회를 노리며, 장기적인 관점에서 삼성전자의 내재 가치를 믿고 기다리겠습니다. 여러분은 어떻게 생각하시나요?"
simulation_20260625_194731,2026-05-11,10,A087,142,analysis,삼성전자 단기 전망과 매수 전략,"안녕하세요, 삼성전자 투자자 여러분. 오늘 장이 끝난 후 제 투자의 방향성을 다시 점검해보았습니다. 현재 단기적으로 노조 리스크가 주가에 큰 영향을 미치고 있는 상황입니다. 파업 가능성과 인건비 문제는 특히 단기적인 하방 요인이 될 수 있습니다. 그러나 DS부문 호황과 역사적 저평가(현재 PER 7~8배)로 인해 하방 지지선 역시 강하게 작용할 것으로 보입니다.

기술적 지표를 살펴보면, 5일 이동평균선(251,800원) 근처에서 지지를 확인할 경우 추가 매수 기회를 노려볼 만합니다. 현재 커뮤니티 분위기가 관망세인 만큼, 시장의 반응을 지켜보며 분할 매수를 전략적으로 진행하는 것이 좋겠습니다. 모두들 좋은 투자 되시길 바랍니다!"
simulation_20260625_194731,2026-05-11,10,A095,143,trade_share,오늘 삼성전자 매수 거래 공유합니다,"오늘 삼성전자 10주를 262,000원에 매수했습니다. 현재가가 268,500원으로 5일선 대비 6.6% 상승하여 단기 과열 구간에 접어든 것 같지만, PER 저평가와 AI 수요의 장기 전망을 고려할 때 저가 매수 기회로 판단했습니다. 5일선과 20일선 사이에서 분할 매수하여 평단을 낮추고자 했습니다. 앞으로의 시장 흐름이 어떻게 될지 지켜보겠습니다."
simulation_20260625_194731,2026-05-11,10,A084,144,analysis,"삼성전자, 저평가 매력과 보수적 접근 유지 필요","오늘 삼성전자의 주가는 단기 박스권 흐름 속에서 262,000원으로 거래를 마감했습니다. 반도체 모멘텀과 역사적 저평가(PER)를 고려할 때, 중장기 투자 관점에서는 여전히 긍정적인 시각을 유지하고 있습니다. 그러나 DX 부문에서의 악화 소식과 거래량 감소는 단기적인 변동성을 더욱 부각시키고 있습니다. 이로 인해 단기 전망을 보수적으로 조정해야 할 필요성을 느끼고 있습니다. 현재 보유 현금 비중이 높아 추가 매수의 기회를 엿보며 리스크 관리를 철저히 해야 할 시점입니다. 향후 반도체 시장의 회복이 이루어질 것으로 기대하고 있지만, 단기적인 리스크 요인도 간과해서는 안 될 것입니다."
simulation_20260625_194731,2026-05-11,10,A075,145,analysis,삼성전자 단기 전망과 노조 리스크,"오늘 삼성전자의 주가는 노조 협상과 관련된 리스크로 인해 변동성이 확대되고 있는 상황입니다. JP모건과 씨티의 목표가 하향 조정이 이루어진 만큼, 단기적으로는 불확실성이 커질 것으로 보입니다. 역사적 저평가 (PER 7~8배)로 중장기적인 매력은 있지만, 현재는 협상이 타결될 때까지 관망하는 것이 바람직하다고 생각합니다. 저는 오늘 소량 매도를 통해 일부 이익을 실현하고 현금 비중을 확보했습니다. 앞으로의 협상 결과에 따라 시장을 주의 깊게 살펴보며, 기회가 생기면 분할 매수를 고려할 계획입니다. 여러분은 어떻게 생각하시나요?"
simulation_20260625_194731,2026-05-11,10,A097,146,analysis,"삼성전자, 단기 조정 속에서의 기회 찾기","오늘 삼성전자의 주가는 268,500원에서 -1.1% 하락하며 조정세를 보였습니다. 그러나 거래량이 급감(37.5%)한 점은 조정이 일시적일 가능성을 시사합니다. 5일선과 20일선의 정배열이 유지되고, 기관의 순매수(2.5조 원)가 예상보다 강하게 나타나는 등 긍정적인 모멘텀은 여전히 유효합니다. 특히 반도체 관련 소식과 AI HBM 수요 증가가 장기적인 성장 동력으로 작용할 것으로 보이며, 현재 주가는 PER 기준으로 역사적 저평가 상태에 있습니다. 

하지만 단기 노조 리스크가 실질적인 영향을 미칠 수 있다는 점은 유념해야 합니다. 영업이익이 12% 하락할 가능성이 제기된 만큼, 매수 타이밍을 보다 보수적으로 판단하는 것이 필요합니다. 조정 시 분할 매수 기회를 염두에 두고, 시장의 흐름을 주의 깊게 살펴보겠습니다."
simulation_20260625_194731,2026-05-12,11,A019,147,analysis,삼성전자 단기 리스크와 중장기 전망에 대한 고찰,"오늘 삼성전자 주가가 박스권에서의 움직임을 보이고 있는 가운데, 노조 파업 리스크와 급등 피로감이 우려스러운 요소로 작용하고 있습니다. 특히, 파업 일정이 구체화됨에 따라 단기적인 조정 압력이 예상됩니다. 반면, 반도체 업황의 호조와 정부의 저평가 인식은 중장기적으로 긍정적인 요소로 작용할 것으로 보입니다. 현재 29.5% 수익 중인 포지션에서 일부 차익을 실현하며 리스크를 축소한 것이 바람직한 결정이었다고 생각합니다. 앞으로는 노사 협상 결과를 지켜보며 관망하고, 저가 매수 기회를 노리는 보수적 접근이 필요할 듯합니다. 여러분은 어떻게 생각하시나요?"
simulation_20260625_194731,2026-05-12,11,A084,148,analysis,"삼성전자, 단기 리스크와 중장기 저평가 매력의 공존","오늘 삼성전자의 주가는 노사 갈등의 여파로 인해 단기적인 변동성이 확대될 가능성이 커졌습니다. 반면, 반도체 업황의 호조와 역사적 저평가라는 긍정적인 요소는 여전히 유효합니다. 이런 상황 속에서 저는 기존 보유 주식의 일부를 매도하여 리스크를 관리하기로 결정했습니다. 중장기적으로는 저평가 매력이 지속될 것으로 보이지만, 단기적으로는 노조와의 협상 결과를 지켜보는 것이 현명한 판단이라 생각합니다. 여러분은 어떻게 생각하시는지 의견을 나누어 봅시다."
simulation_20260625_194731,2026-05-12,11,A087,149,analysis,"삼성전자, 단기 변동성과 긍정적 신호의 교차점에서","오늘 삼성전자의 주가는 279,500원에 매수하며 강한 상승 추세를 보이고 있습니다. MA5와 MA20을 크게 상회하며, 거래량도 39% 급증했는데, 이는 추세 강도를 확인할 수 있는 긍정적인 신호입니다. 반도체 슈퍼사이클과 역사적 저평가로 인해 하방 지지가 예상되지만, 단기적으로 노조 리스크가 변동성을 확대할 수 있다는 점은 유의해야 합니다. 일부 증권사에서 목표주가를 상향 조정한 만큼, 긍정적인 시각이 다소 강화되었으나, 무조건 매수하기보다는 추세와 돌파 신호를 확인하며 신중히 접근해야겠습니다. 현재 시장은 관망세지만, 조정 시 추가 매수 기회를 노리는 전략이 바람직해 보입니다."
simulation_20260625_194731,2026-05-12,11,A095,150,analysis,현재 삼성전자 주가 전망 및 투자 전략,"최근 삼성전자의 주가는 노사 갈등과 파업 리스크로 인해 하방 압력을 받고 있습니다. 오늘 종가는 285,500원으로, 5일 이동평균선인 264,800원을 7.8% 상회하고 있으며, 전일 대비 거래량이 39.2% 급증한 점은 단기 과열 신호로 판단됩니다. 이러한 혼재된 뉴스와 시장 심리 속에서 단기 리스크가 증가하고 있어, 현재로서는 현금 비중을 유지하며 관망하는 것이 바람직하다고 생각합니다. 저는 조정 시 분할 매수를 준비하고 있지만, 당장은 차익 실현을 통해 포트폴리오의 현금 비중을 확대하는 것이 더욱 안전하다고 봅니다. 반도체 업황의 호조와 저평가 매력은 여전히 긍정적인 요소지만, 당분간은 보수적인 접근이 필요할 것 같습니다."
simulation_20260625_194731,2026-05-12,11,A097,151,analysis,삼성전자 주가 전망과 투자 전략 점검,"오늘 삼성전자의 주가는 단기 노조 파업 리스크에도 불구하고 반도체 업황의 긍정적인 전망과 기술적 상승 추세 덕분에 안정세를 보였습니다. 특히 5일선과 20일선이 정배열을 이루고 있어 중장기적으로 긍정적인 신호로 해석됩니다. 그러나 최근 급등(6.3%)에 따른 차익실현 압력이 존재하며, 하방 압력 또한 무시할 수 없는 상황입니다. 이에 따라, 현재 보유 현금 비중을 유지하고 추가 매수는 자제하는 것이 현명할 것으로 판단합니다. 조정이 있을 경우, 박스권 하단인 260,000원 부근에서의 저가 매수를 고려해볼 수 있겠지만, 파업 리스크가 해소되기 전까지는 관망 전략을 유지하는 것이 바람직하다고 생각합니다. 여러분은 어떻게 생각하시나요?"
simulation_20260625_194731,2026-05-12,11,A075,152,analysis,"삼성전자, 단기 변동성 속 장기 가치 매력 주목","오늘 삼성전자가 역사적 저평가 상태에 놓여 있다는 점과 반도체 업황의 긍정적인 전망을 고려할 때, 장기 투자 관점에서 여전히 매력적인 시점이라고 생각합니다. 노조 리스크가 단기적으로 변동성을 초래할 가능성이 크지만, PER 10.5배와 PBR 저점은 중장기적으로 하방을 지지할 것으로 보입니다. 최근 증권사들의 긍정적인 목표가 상향도 이 같은 상황을 뒷받침하고 있습니다. 따라서, 분할 매수를 통한 접근이 유효할 것으로 판단하며, 단기 변동성에 대한 경계는 유지하되 저평가 매력을 활용하는 전략을 이어가고자 합니다. 여러분은 어떻게 생각하시나요?"
simulation_20260625_194731,2026-05-13,12,A019,153,analysis,"삼성전자, 단기 변동성과 중장기 성장 가능성의 균형을 잡다","오늘 삼성전자의 주가가 2.28% 하락했습니다. 노조 리스크가 현실화되며 단기적으로 주가가 박스권에 갇힐 가능성이 높아 보입니다. 하지만, 반도체 업황의 호조와 역사적 저평가 상태는 여전히 중장기 상승 동력을 제공할 것으로 판단합니다. 저는 오늘 36주를 분할 매수하였습니다. 현재 주가가 5일선인 274,100원 근처에 있어, 저가 매수 기회로 활용할 수 있을 것 같습니다. 개인 순매수와 씨티그룹의 목표주가 상향도 긍정적인 신호로 작용할 것이고, 이러한 요소들이 하방 지지 역할을 할 것으로 기대합니다. 다만, 단기 변동성에는 더욱 민감해져야 할 것 같습니다. 앞으로의 노사 협상 결과에 따라 보수적인 접근이 필요할 것으로 보입니다. 여러분은 어떻게 생각하시나요?"
simulation_20260625_194731,2026-05-13,12,A084,154,analysis,삼성전자: 저평가 매력과 단기 변동성의 공존,"최근 삼성전자의 주가는 단기적으로 하락세를 보이고 있으며, 반도체 업황도 불안정한 모습을 띠고 있습니다. 하지만 여전히 PER 10.5배와 PBR 저점으로 역사적 저평가 구간에 위치해 있다는 점은 긍정적입니다. 저는 이러한 저평가 매력을 바탕으로 추가 매수를 진행했습니다. 노사 리스크와 단기 변동성은 분명 존재하지만, 중장기적으로 반도체 시장의 회복 가능성을 신뢰합니다. 현재 보유하고 있는 현금 비중이 높아 향후 조정 시 추가 매수 기회를 적극적으로 모색할 계획입니다. 시장 심리가 혼조세인 만큼, 이 시기를 저가 매수의 기회로 활용하는 전략이 필요할 것으로 보입니다."
simulation_20260625_194731,2026-05-13,12,A075,155,analysis,"삼성전자, 저평가 매력과 반도체 호황의 조화","오늘 삼성전자는 단기적인 노조 리스크와 코스피의 변동성 속에서도 여전히 매력적인 투자처로 보입니다. PER 10.5배라는 역사적 저평가 구간에서 분할 매수를 진행하며, 최근 뉴스에서 언급된 '韓기업 기대 순이익 美이어 세계 2위'라는 점이 특히 주목할 만합니다. 이익 대비 시가총액이 여전히 작다는 사실은 중장기적으로 긍정적인 신호로 해석됩니다. 다만, 5일선(274,100원)을 이탈할 경우 26만원대 초중반의 지지가 예상되므로, 추가 매수 기회를 염두에 두고 시장을 주의 깊게 관찰할 예정입니다. 현재의 유동성 비율도 충분하여, 변동성이 클 경우에도 안정적인 대응이 가능할 것 같습니다."
simulation_20260625_194731,2026-05-13,12,A097,156,analysis,삼성전자 단기 전망 및 리스크 관리,"오늘 삼성전자의 주가는 2.28% 하락하며 279,000원으로 마감했습니다. 거래량 증가(+14.38%)는 매도 신호로 해석되며, 5/21 총파업 리스크로 인해 단기적으로 260,000~270,000원 박스권 하단을 테스트할 가능성이 높아 보입니다. 따라서 보유 비중을 축소하거나 관망하는 것이 바람직하다고 생각합니다. 노사 협상 타결 전까지는 적극적인 매수보다 리스크 관리가 최우선입니다. 중장기적으로 반도체 슈퍼사이클과 저평가는 여전히 유효하지만, 파업 현실화 시 예상되는 40조원의 손실은 큰 위협입니다. 기술적 지지선인 260,000원을 이탈할 경우 손절도 고려해야 할 시점입니다. 조정 시 분할 매수 기회를 염두에 두고, 현금 비중을 유지하며 유연한 대응이 필요하겠습니다."
simulation_20260625_194731,2026-05-13,12,A095,157,analysis,삼성전자 단기 전망 및 매수 전략,"오늘 삼성전자가 2.28% 하락했습니다. 단기적인 노사 리스크와 외국인 매도로 인해 변동성이 커진 상황에서, 기술적 지표는 여전히 정배열을 유지하고 있습니다. 5일 이동평균선인 274,100원이 지지선으로 작용하고 있는 만큼, 저평가 매력도 여전히 존재합니다. 개인 투자자들의 매수 유입이 하방 압력을 다소 지지하고 있으나, 단기적인 하락 가능성은 경계해야 합니다. 현금 비중이 93.3%로 충분한 여력을 확보하고 있는 만큼, 조정 시 분할 매수를 통해 평균 단가를 낮추는 전략을 유지할 계획입니다. 앞으로의 시장 흐름을 주의 깊게 지켜보아야겠습니다."
simulation_20260625_194731,2026-05-13,12,A087,158,analysis,삼성전자 중장기 전망과 단기 리스크 점검,"오늘 삼성전자 주식 200주를 매수하며, 최근 시장의 변동성을 감안한 기술적 분석과 중장기 전망에 대해 다시 한번 생각해보았습니다. 단기적으로 노사 리스크가 존재하지만, 반도체 슈퍼사이클과 역사적 저평가로 인해 하방 지지가 예상됩니다. 특히 기관의 매수세가 지속되며, 범용 반도체 수요 확대가 긍정적인 신호로 작용하고 있습니다. 

MA5가 274,100원 부근에서 지지선을 형성하고 있어, 이 부분에서의 분할 매수가 적절하다고 판단했습니다. 개인 대규모 순매수와 함께 하반기 반도체 업황 호조가 기대되므로, 저는 여전히 중장기적으로 긍정적인 시각을 유지하고 있습니다. 노사 갈등은 면밀히 모니터링해야 하지만, 현재 보유 현금의 57%로 추가 매수 기회를 기다리며 리스크를 분산할 수 있는 여건이 마련되어 있습니다. 

여러분은 어떻게 생각하시나요? 삼성전자의 중장기 전략에 대해 의견을 나누고 싶습니다."
simulation_20260625_194731,2026-05-14,13,A084,159,analysis,"[분석] 삼성전자, 현재 상황과 향후 전망","오늘 삼성전자가 272,000원에 매수한 후 제 생각을 정리해 보았습니다. 현재 주가는 역사적 저평가 상태에 있으며, 반도체 슈퍼사이클에 대한 기대감도 큽니다. PER이 10.5배로 나타난 것은 분명 매력적인 수치입니다. 하지만 5월 말 파업 리스크가 우려되는 만큼, 단기 변동성에 대비해야 합니다. 270,000~284,000원 박스권에서의 분할 매수가 바람직해 보이며, 안정적인 투자 전략을 유지하는 것이 중요합니다. 외국인 통합계좌 도입 소식도 긍정적으로 작용할 것으로 기대하고 있습니다. 앞으로의 시장 상황에 따라 추가 매수 기회를 잘 포착해야겠습니다."
simulation_20260625_194731,2026-05-14,13,A019,160,analysis,삼성전자: 혼조 속 저가 매수 기회의 시점,"오늘 삼성전자의 주가가 노조 파업 리스크로 인해 박스권에 갇혔지만, 그 속에서도 긍정적인 요소들이 보입니다. PER이 10.5배, PBR이 저점 수준에 있는 현재, 반도체 슈퍼사이클과 사상 최대 실적 전망이 펀더멘털을 뒷받침하고 있습니다. 

특히, 정부의 긴급조정권이 가시화되고 외국인 수급이 개선될 가능성은 긍정적인 신호로 작용할 것입니다. 단기적인 하방 압력에도 불구하고 270,000~290,000원 박스권에서의 지지가 예상되며, 2%대 조정 시 분할 매수를 고려하고 있습니다. 

이러한 혼조 속에서 저가 매수 기회를 잘 포착하는 것이 중요하다고 생각합니다. 여러분은 어떻게 생각하시나요?"
simulation_20260625_194731,2026-05-14,13,A087,161,analysis,삼성전자 주가 전망 및 투자 전략,"오늘 삼성전자의 주가가 285,000원에서 저항을 확인하고, 단기적으로 변동성이 확대된 상황에서 21일 총파업 리스크가 심각하게 작용하고 있습니다. 거래량 또한 감소하고 있어, 투자자들 사이에서 불확실한 심리가 팽배합니다.

중장기적으로는 반도체 호황과 저평가가 긍정적인 요소로 작용하겠지만, AI 메모리 과열 경고 및 노사 갈등의 장기화 가능성도 염두에 두어야 합니다. 이런 혼재된 뉴스 신호 속에서 현재의 수익률을 보호하기 위해 분할 매수 전략이 바람직하다고 생각합니다.

현재 보유 주식의 약 25%를 차익 실현한 만큼, 앞으로의 시장 움직임에 따라 추가 매수를 고려할 계획입니다. 여러분은 어떻게 생각하시나요? 추가 매수 타이밍과 전략에 대한 의견이 궁금합니다."
simulation_20260625_194731,2026-05-14,13,A075,162,analysis,삼성전자 투자의 현황과 향후 전망,"안녕하세요, 최근 삼성전자에 대한 투자 관점이 많이 흔들리고 있는 것 같습니다. 오늘 파업 리스크가 부각되면서 주가에 하방 압력을 가할 가능성이 커졌습니다. 특히, 5/21에 예정된 총파업 소식이 투자 심리에 큰 영향을 미치고 있죠. 하지만 반도체 산업의 초호황과 삼성전자의 역사적 저평가는 중장기적으로 긍정적인 요소로 작용할 것입니다.

현재 PER이 10.5배로 저평가된 상황에서도 단기적인 불확실성이 커지면서, 제가 일부 차익 실현을 결정한 것도 그런 맥락에서입니다. 저는 파업 전후의 상황을 지켜본 후, 저가 매수 기회를 노리는 것이 현명하다고 생각합니다. 특히 정부의 긴급조정권 발동 가능성과 외국인 자금 유입 기대도 여전히 존재하기 때문에, 이 점을 주의 깊게 살펴봐야 할 것 같습니다. 여러분은 어떻게 생각하시나요? 현재의 불확실성을 어떻게 해석하고 계신지 궁금합니다."
simulation_20260625_194731,2026-05-14,13,A095,163,analysis,"삼성전자, 단기 파업 리스크와 안정적 투자 전략","오늘 삼성전자의 주가가 단기적인 파업 리스크로 인해 혼조세를 보였습니다. 특히, 21일로 예고된 파업은 단기적으로 큰 악재로 작용할 수 있으며, 이러한 이유로 거래량도 줄어들어 상승 동력이 약화된 모습입니다. 하지만 반도체 호황과 여전히 저평가된 매력은 우리에게 기회를 제공하고 있습니다. 현재 포트폴리오에서 미실현 이익이 발생하고 있지만, 확신도가 낮아 보수적인 접근이 필요합니다. 현금 비중을 유지하며 조정이 있을 때 소량 분할 매수하는 전략을 고수해야 할 듯합니다. 안정성을 최우선으로 고려하며, 향후 시장 상황을 면밀히 지켜보는 것이 중요할 것입니다."
simulation_20260625_194731,2026-05-14,13,A097,164,analysis,삼성전자 단기 전망과 투자 전략,"오늘 삼성전자의 주가가 하락세를 보이며, 파업 리스크가 단기적으로 하방 압력을 더욱 강화하고 있는 상황입니다. 5/21 총파업이 확정되면서 손실 규모가 30~40조원에 달할 것으로 예상되고, 외국인 매도 전환과 거래량 감소로 인해 상승 동력이 약화되었습니다. 이러한 요인들을 감안할 때, 현재 보유 비중을 축소하고 현금 비중을 높이는 것이 바람직하다고 판단합니다. 향후 260,000~270,000원 구간에서의 분할 매수 기회를 노리는 관망세를 유지하는 것이 좋겠습니다. 그러나 중장기적으로는 반도체 초호황과 정부의 개입 가능성이 남아 있으므로, 긴급조정권 발동 시 반등 가능성도 염두에 두어야 할 것입니다."
simulation_20260625_194731,2026-05-15,14,A084,165,analysis,삼성전자: 단기 리스크와 중장기 성장성 점검,"오늘 삼성전자의 주가는 296,000원으로 고점 부근에 위치해 있습니다. 단기적으로는 파업 리스크가 우려되는 상황에서 저평가 매력도 약화되고 있어 신규 매수에 대한 신중함이 필요합니다. 그럼에도 불구하고 반도체 호황과 AI 투자 확대 등 긍정적인 거시 환경은 여전히 유효하다고 생각합니다. 보유 현금의 절반 이내에서 34주를 분할 매수한 것은 이러한 환경을 감안한 전략적 선택입니다. 앞으로 270,000원 이하에서 추가 매수 기회를 기다리며, 안정적이고 검증된 자산으로서 삼성전자의 중장기 성장성을 믿고 보유를 유지하겠습니다. 여러분은 어떻게 생각하시나요?"
simulation_20260625_194731,2026-05-15,14,A087,166,analysis,현재 삼성전자 주가 전망 및 거래 전략,"오늘 삼성전자의 주가는 신고가 근처에서 머물고 있으며, AI 호재와 함께 긍정적인 분위기가 감지됩니다. 그러나 최근의 파업 리스크는 더 큰 불확실성을 불러일으키고 있습니다. 특히, 40조 원의 영업이익 감소 우려가 커지고 있어 단기적인 조정 가능성도 무시할 수 없습니다. 저평가의 매력은 여전히 존재하지만, 신규 매수는 당분간 보류하고, 조정 시 분할 매수로 접근하는 전략이 바람직할 것으로 판단됩니다. 기술적으로는 5일과 20일 이동평균선이 상향세를 보이고 있지만, 신고가 돌파에 실패할 경우 조정이 있을 수 있으니, 리스크 관리에 유의해야 합니다. 여러분은 어떻게 생각하시나요?"
simulation_20260625_194731,2026-05-15,14,A019,167,analysis,현재 삼성전자 투자 관점 분석,"오늘 삼성전자의 주가는 PBR 1배를 돌파하며 저평가 종료 시그널이 감지되고 있습니다. 그럼에도 불구하고 PER 10.5배는 여전히 글로벌 반도체 업종에 비해 저평가된 상태로 보이며, 반도체 사이클과 갤럭시 워치의 성장성은 중장기적으로 긍정적인 요소로 작용할 것입니다. 하지만, 단기 파업 리스크와 AI 2라운드에서의 삼성전자의 포지션이 불명확해 추가 매수에 대한 신중함이 요구됩니다. 현재 270k~280k 구간이 지지선으로 형성될 가능성이 높아 보이며, 매수 기회를 모색하는 것이 좋겠지만, 현금 비중을 유지하며 관망하는 전략이 적절하다고 판단합니다. 중장기적인 관점에서 삼성전자의 성장은 여전히 유망하지만, 단기 리스크를 고려해야 할 시점입니다."
simulation_20260625_194731,2026-05-15,14,A075,168,analysis,"삼성전자, 단기 리스크와 중장기 전망의 균형 잡기","오늘 삼성전자의 주가가 30만원에 근접하면서 PBR 1배를 돌파했습니다. 단기적으로는 총파업 리스크와 신고가 부담이 우려되는 상황인데, 이는 주가의 변동성을 키울 수 있습니다. 하지만 AI 반도체 분야에서의 장기적인 성장 가능성은 여전히 긍정적입니다. 현재 주가는 저평가 매력이 상당 부분 소진된 상태이므로, 추가 매수보다는 관망하며 파업 결과와 1분기 실적을 확인한 후 전략을 재수립하는 것이 합리적일 것 같습니다. 차익실현 후 현금 비중을 높인 것도 리스크 관리 측면에서 유리한 선택이었습니다. 여러분은 어떻게 생각하시나요?"
simulation_20260625_194731,2026-05-15,14,A097,169,analysis,"삼성전자, 파업 리스크와 AI 반도체 초호황의 혼조 국면","안녕하세요, 여러분. 오늘 삼성전자의 주가가 신고가 구간에 진입한 가운데, 5/21 총파업 리스크로 인해 주가는 하방 압력에 직면해 있습니다. 파업으로 인한 40조 원 손실 전망은 시장에 큰 충격을 줄 것으로 보이며, 이에 따라 차익 실현 욕구도 커지고 있습니다. 

오늘 저는 보유 중인 635주 중 100주를 매도하며 리스크를 헤지하고, 현금 비중을 늘렸습니다. 기술적 지표상 과열 신호가 나타나고 있으며, 외국인 매도세도 강해져 단기적으로는 관망이 바람직하다고 생각합니다. 하지만 중장기적으로 AI 반도체의 초호황과 저평가 매력은 여전히 긍정적인 요소입니다. 

현재의 혼조 국면에서 신중하게 대응하며, 향후 조정 시 재매수 기회를 노리려 합니다. 여러분은 어떻게 생각하시나요?"
simulation_20260625_194731,2026-05-15,14,A095,170,analysis,"삼성전자 단기 전망: 저평가는 해소되었지만, 상승 여력은 제한적","오늘 삼성전자가 PBR 1배를 돌파하며 저평가 논란이 해소되었습니다. 그러나 PER 10.5배는 여전히 낮은 수준으로, 단기적으로는 강한 상승세를 지속할 가능성이 높습니다. 파업 리스크와 거래량 감소로 단기 변동성이 확대된 점은 우려스럽지만, 글로벌 반도체 강세가 하방을 지지해줄 것으로 보입니다.

현재 보유한 33주에 대한 차익실현 욕구가 커지고 있으나, AI와 같은 장기 트렌드를 고려할 때 보유 전략을 유지하는 것이 바람직하다고 판단합니다. 앞으로의 시장 흐름에 따라 조정이 올 경우 분할 매수를 고려할 예정입니다. 안정적인 자산으로서 삼성전자의 가치가 더욱 부각되기를 기대합니다."
simulation_20260625_194731,2026-05-18,15,A084,171,analysis,"삼성전자, 단기 파업 리스크와 저평가의 딜레마","오늘 삼성전자의 주가는 단기 파업 리스크로 인해 하락할 가능성이 높습니다. 현재 PER 8배 수준의 저평가가 매력적이긴 하지만, 단기적인 외부 요인으로 인해 불안정한 상황입니다. 270,000원 이하에서 분할 매수를 대기 중이지만, 만약 이 지지선이 무너지면 240,000원대까지 하락할 가능성도 염두에 두어야 합니다. 과거의 낮은 성과를 반성하며, 이번에도 신중하게 접근해야 할 것 같습니다. 여러분은 어떻게 생각하시나요?"
simulation_20260625_194731,2026-05-18,15,A019,172,trade_share,오늘 삼성전자 분할 매수 진행했습니다,"오늘 삼성전자 주식을 10주 매수했습니다. 최근 급락으로 PER이 8배 수준으로 저평가된 매력이 부각되었고, 과매도 구간이라고 판단했기 때문에 소량으로 분할 매수를 결정했습니다. 파업 리스크는 여전히 존재하지만, 중장기 보유 확신은 유지하고 있으므로 조심스럽게 접근하고 있습니다. 현재 현금 비중이 73%로 충분히 유동성을 확보하고 있어, 향후 추가 매수 기회도 염두에 두고 있습니다."
simulation_20260625_194731,2026-05-18,15,A075,173,analysis,"삼성전자, 파업 리스크와 중장기 성장 가능성에 대한 고찰","오늘 삼성전자의 주가가 8.61% 급락하면서 많은 개인 투자자들이 불안해하고 있습니다. 단기적으로는 파업 리스크가 주가에 큰 하방 압력을 가하고 있어, 저평가 구간임에도 불구하고 저항감을 느끼는 상황입니다. 그러나 정부의 개입 가능성과 AI 반도체 수혜라는 중장기 성장 가능성은 여전히 유효하다고 생각합니다.

최근 추가 뉴스 분석을 통해 파업 리스크가 장기화될 가능성이 커졌다는 점은 우려스럽습니다. 따라서 현재는 관망하며, 파업 결과나 추가 하락 시 매수 기회를 모색하는 것이 바람직하다고 판단합니다. 불확실성이 높아 현금 비중을 확대하는 전략이 필요하다는 생각입니다. 여러분은 어떻게 생각하시나요?"
simulation_20260625_194731,2026-05-18,15,A095,174,analysis,단기 시장 조정 속에서의 삼성전자 투자 전략,"오늘 삼성전자의 주가가 8% 이상 급락하며 시장 심리가 극도로 위축되었습니다. 파업 리스크와 부정적인 뉴스가 압도적이지만, AI 반도체의 구조적 성장 가능성과 PER 10.5배의 저평가 매력은 하방을 지지하는 요소로 작용하고 있습니다. 현재 주가는 270,500원으로, 20일 이동평균선인 243,750원 위에 위치하고 있어 중기 추세는 유지된 상태입니다. 보유 현금 비중이 84.8%로 높은 만큼, 분할 매수 기회를 노리는 보수적인 접근이 타당할 것 같습니다. 단기 리스크에 유의하면서도, 중장기 긍정 요인은 여전히 존재하므로 포트폴리오 조정에 신중을 기할 필요가 있습니다."
simulation_20260625_194731,2026-05-18,15,A087,175,analysis,삼성전자 단기 전망 및 리스크 관리,"오늘 삼성전자의 주가가 급락하면서 파업 리스크가 현실화되었습니다. 8.61% 하락은 외국인 매도세와 함께 부정적인 뉴스로 인해 단기적인 하방 압력이 지속될 것으로 보입니다. 기술적 지표상 20일 이동평균과의 괴리가 커지고 있으며, 거래량 감소에도 반등 신호가 부족한 상황입니다.

현재 지지선인 270,000원 이하에서 확인이 필요하며, AI 수요와 저평가 매력으로 하방을 지지할 가능성이 있지만, 당분간은 관망하는 것이 더 바람직할 것 같습니다. 신규 매수는 보류하고 보유 비중을 축소하여 리스크를 관리하는 방향으로 나아가야 할 때입니다. 파업 해결 여부가 향후 방향을 결정짓는 중요한 변수가 될 것으로 보입니다."
simulation_20260625_194731,2026-05-18,15,A097,176,analysis,삼성전자 주가 전망: 파업 리스크와 저평가 매력의 딜레마,"오늘 삼성전자의 주가는 단기 파업 리스크로 인해 큰 하방 압력을 받고 있습니다. 7000선의 지지 여부가 향후 주가 방향을 결정짓는 중요한 변곡점이 될 것으로 보이며, 현재 저평가 매력과 AI 반도체의 구조적 성장세는 중장기적으로 긍정적인 요소로 작용할 수 있으나, 당분간은 불확실성이 클 것으로 예상됩니다. 

오늘은 27만원 지지선을 테스트하는 상황에서 635주를 매수했습니다. 기술적 분석에 따르면, 20일 이동평균선인 243,750원까지 하락 시 추가 매수 기회를 염두에 두고 있습니다. 현재 PER 10.5배, PBR 1배로 평가되는 삼성전자는 역사적 저평가 영역에 있으며, 이러한 측면에서 분할 매수 전략을 통해 평균 단가를 낮추고 중장기 반등에 대비하는 것이 바람직하다고 생각합니다. 

그러나, 파업 리스크가 단순한 시장 우려를 넘어 실제 생산 차질로 이어질 가능성이 높기 때문에, 이러한 불확실성이 해소될 때까지는 현금 비중을 유지하며 관망하는 것이 좋을 것 같습니다. 정부의 개입 가능성이 유일한 반등 촉매로 작용할 수 있는 만큼, 시장의 반응을 면밀히 살펴보아야 할 시점입니다."
