run_id,date,turn,agent_id,decision_date,market_features_date,news_max_date,execution_date,information_mode,stock_code,direction,quantity,price,order_type,reason
simulation_20260625_185013,2026-04-24,1,A090,2026-04-24,2026-04-23,2026-04-23,2026-04-24,prior_close,005930,buy,100,222000.0,limit,"반도체 업황 호조와 GDP 성장, SK하이닉스 실적 호재 등 긍정적 모멘텀을 반영하여 5일선(218,300원) 부근에서 분할 매수 기회를 모색. 기술적으로 5일선과 20일선 위에서 상승 추세 유지 중이며, 거래량 증가로 매수세 확인. 현재 현금 100% 보유 상태로, 22,200,000원(총 자산의 22.2%) 소액 매수로 리스크를 제한. 부정적 뉴스(파업, 기술 유출)로 인한 변동성을 고려해 5일선 이하 가격에서 지정가 주문하여 하방 리스크를 완화."
simulation_20260625_185013,2026-04-24,1,A006,2026-04-24,2026-04-23,2026-04-23,2026-04-24,prior_close,005930,buy,222,223000.0,limit,"기술적 지표(5일선·20일선 정배열, 거래량 증가)와 반도체 업황 호조(GDP 성장, SK하이닉스 실적)가 단기 모멘텀을 제공하며, 현재 주가가 이동평균선 위에서 지지력을 보여 상승 가능성이 있음. 단, 기술 유출 리스크와 경쟁사 대비 실적 부진이 부담이나, 중립~약긍정 뉴스 해석과 혼조 심리 속에서도 추세 확인을 위해 소액 매수 진입. 헤드라인 스캔 결과 반도체 업종 호재가 개별 악재를 상쇄할 수 있다고 판단. 과거 성과가 낮아 신중한 접근이 필요하나, 관망만 지속하기보다는 제한적 리스크 내에서 초기 포지션 구축이 필요하다고 판단."
simulation_20260625_185013,2026-04-24,1,A009,2026-04-24,2026-04-23,2026-04-23,2026-04-24,prior_close,005930,buy,1,224500.0,limit,"반도체 업황 호조와 GDP 성장 거시 모멘텀이 기술적 지표(5일선·20일선 우상향, 거래량 증가)와 함께 지지대를 형성 중이며, SK하이닉스 깜짝 실적이 업종 밸류에이션을 지지해줍니다. 다만 기술 유출·노조 리스크와 뉴스 혼재로 확신도가 낮아, 소량 분할 매수로 추세 확인 후 추가 대응하려 합니다."
simulation_20260625_185013,2026-04-24,1,A087,2026-04-24,2026-04-23,2026-04-23,2026-04-24,prior_close,005930,buy,1113,222000.0,limit,"뉴스 요인: 노조 파업 리스크와 기술 유출 부담은 부정적이나, 반도체 수출 호조·배당 지급·3D 메타렌즈 개발 등 하방 지지 요인이 존재하며, SK하이닉스 실적은 업황 강세를 확인시켜 줌. 기술적 지표: 주가(224,500원)가 20일 이동평균(200,772원) 위에 있어 상승 추세 유지 중이나, 20일 변동성(4.23%) 확대와 5월 파업 불확실성을 고려해 현재가보다 낮은 222,000원(20일선 대비 10.6% 상승, MA5 부근) 지정가 매수로 진입. 거래량 증가에도 추세 돌파 신호가 명확하지 않아 분할 매수가 적절. 포트폴리오: 현금 100% 보유 중이므로, 안정성 선호 성향을 감안해 가용 현금의 25% 수준(약 2.5억)으로 1,113주 매수(최대 단일 매수 가능 수량 2,227주의 50%). 중립적 관점에서 단기 전망 하향 조정했으나, 장기 펀더멘털 신뢰와 배당 매력을 고려해 보수적 비중으로 진입."
simulation_20260625_185013,2026-04-24,1,A084,2026-04-24,2026-04-23,2026-04-23,2026-04-24,prior_close,005930,buy,111,220000.0,limit,"반도체 업황 호조와 GDP 성장 등 거시 호재가 긍정적이나, 노사 갈등과 기술 유출 리스크로 단기 혼조세가 예상되어 저가 매수 기회를 노림. 현재 주가가 5일선(218,300) 근처로 조정 시 내재가치 대비 매력적이라 판단, 보수적으로 최대 매수 가능 수량(222주)의 절반인 111주를 지정가 주문. 핵심 근거는 뉴스 혼조와 기술적 지표(5일선 지지) 및 포트폴리오 현금 100% 상태."
simulation_20260625_185013,2026-04-24,1,A019,2026-04-24,2026-04-23,2026-04-23,2026-04-24,prior_close,005930,buy,10,223000.0,limit,"현재 주가(224,500원)가 단기 이동평균선 위에 위치하며 상승 흐름이나, 노조 리스크와 기술 유출 이슈로 추가 상승이 제한적일 것으로 예상. SK하이닉스 실적과 GDP 성장은 긍정적이나, 가치평가가 중립적이고 뉴스 혼조 상태여서 과도한 매수는 자제. 소량(10주)을 223,000원(현재가 대비 0.67% 하락)에 지정가 매수하여, 단기 조정 시 저가 매수 기회를 활용하고자 함. 핵심 근거: 시장 데이터(기술적 위치, 변동성), 뉴스(노조·기술유출 리스크), 포트폴리오 상태(100% 현금)."
simulation_20260625_185013,2026-04-24,1,A025,2026-04-24,2026-04-23,2026-04-23,2026-04-24,prior_close,005930,buy,50,224500.0,limit,"기술적 지표(5일/20일 이동평균선 상회, 거래량 증가)는 긍정적이나, 삼성전자 기술 유출 및 노조 파업 관련 부정 뉴스가 혼재되어 단기 변동성 확대가 예상됨. 거시적 호재(GDP 성장, SK하이닉스 실적)에도 불구하고 개별 리스크를 고려해 초기 소액 매수로 포지션을 구축한 후 추세를 확인하려 함. 헤드라인 스캔 결과 부정 뉴스가 눈에 띄어 전량 매수는 부담스러우나, 기술적 신호를 무시하기 어려워 분할 매수 전략 선택."
simulation_20260625_185013,2026-04-24,1,A075,2026-04-24,2026-04-23,2026-04-23,2026-04-24,prior_close,005930,buy,10,220000.0,limit,"뉴스 분석 결과 단기 노조 파업 리스크가 부정적이나, 반도체 업황 호조와 기술 개발은 중장기 긍정 요인입니다. 현재 주가가 20일 이동평균 대비 11.8% 상승한 상태에서 무리한 매수는 리스크가 크므로, 저점 매수 기회를 노려 현재가보다 낮은 220,000원에 소량 매수 지정가 주문을 제출합니다. 이는 포트폴리오 상태(전액 현금)와 안정적 자산 선호 성향에 부합하며, 단기 불확실성을 감안한 보수적 접근입니다."
simulation_20260625_185013,2026-04-24,1,A097,2026-04-24,2026-04-23,2026-04-23,2026-04-24,prior_close,005930,buy,445,220000.0,limit,"주가가 5일 이동평균(218,300원) 위에 위치하며 상승 추세를 유지 중이나, 노조 파업 리스크로 단기 변동성이 확대될 가능성이 있어 보수적으로 진입한다. SK하이닉스 어닝 서프라이즈와 GDP 성장 등 반도체 업황 호조가 지지 요인이나, 확정적 파업 일정을 고려해 5일 이동평균 근처(220,000원)에서 지정가 매수하여 하방 리스크를 제한한다. 거래량 증가가 상승을 동반했으나 파업 불확실성으로 신호 신뢰도가 낮아, max_single_trade_cash(5억)의 20% 수준인 1억원 규모(445주)만 매수하여 현금 비중을 유지한다."
simulation_20260625_185013,2026-04-24,1,A095,2026-04-24,2026-04-23,2026-04-23,2026-04-24,prior_close,005930,buy,10,222000.0,limit,"중립적 시장 전망과 단기 고평가 우려로 인해 저가 분할 매수 전략 채택. 현재 주가 224,500원은 20일 이동평균 대비 12% 높아 조정 가능성이 있으므로, 222,000원에 소량 매수하여 하락 시 추가 매수 기회를 확보. 뉴스 혼조와 개인투자자 심리 위축을 고려해 신중한 접근."
simulation_20260625_185013,2026-04-27,2,A009,2026-04-27,2026-04-24,2026-04-24,2026-04-27,prior_close,005930,buy,1,219000.0,limit,"5일선(219,000원) 지지 확인 및 반등 가능성을 고려하여 소량 매수. 정부 반도체 지원과 테마 강세가 긍정적 재료이나, 거래량 급감과 혼재된 뉴스로 확신도가 낮아 보수적으로 1주만 추가 매수. 20일선(202,742원)까지 하락 시 추가 매수 기회로 활용할 계획."
simulation_20260625_185013,2026-04-27,2,A090,2026-04-27,2026-04-24,2026-04-24,2026-04-27,prior_close,005930,buy,35,219000.0,limit,"기술적 지표상 5일선(219,000원) 지지 확인 시 추가 매수 기회로 판단. 정부 반도체 지원 발언과 업종 테마 상승이 긍정적 신호. 거래량 감소로 상승 탄력은 제한적이나, 현금 비중이 77.8%로 충분하고 평균 매수 단가(222,000원) 대비 낮은 가격에서 분할 매수로 리스크 분산. 헤드라인 스캔상 긍정적 뉴스가 매수 의사 강화."
simulation_20260625_185013,2026-04-27,2,A025,2026-04-27,2026-04-24,2026-04-24,2026-04-27,prior_close,005930,buy,1,219500.0,limit,"추세 둔화 신호(거래량 -43%, 5일선 근접)와 내부 노사 갈등 뉴스로 단기 방향성 불투명, 215,000~225,000원 박스권 예상. 현재 소폭 손실 상태(-0.26%)이며 현금 비중 88.8%로 충분하나, 거래량 급감 국면에서 신규 매수 자제. 20일선(202,743원) 이하 하락 시 분할 매수 기회로 판단하나 현재 가격(219,500원)은 지지선과 거리 있어 관망 유지. 매도 시 차익실현보다 불확실성이 커 보유 유지. 헤드라인 스캔 결과 혼재 신호로 확신도 medium 수준."
simulation_20260625_185013,2026-04-27,2,A084,2026-04-27,2026-04-24,2026-04-24,2026-04-27,prior_close,005930,buy,10,217000.0,limit,"1분기 깜짝 실적과 정부 반도체 지원이 주가 하단을 지지하나, 노조 리스크와 미토스 AI 위협으로 단기 변동성이 예상됨. 현재 주가(219,500원)는 20일선 대비 8% 높아 밸류에이션 부담이 크지 않고 중립~소폭 저평가 구간으로 판단. 보유 현금이 충분하고 보유 비중이 24%로 낮아 추가 매수 여력이 있으나, 확신도가 medium이고 과거 낮은 성과 경험을 고려해 소액 분할 매수로 리스크를 관리. 217,000원(5일선 이하)에서 저가 매수 기회를 포착하여 평균 단가를 낮추고 중장기 보유 관점 유지."
simulation_20260625_185013,2026-04-27,2,A019,2026-04-27,2026-04-24,2026-04-24,2026-04-27,prior_close,005930,buy,50,216000.0,limit,"1분기 어닝 서프라이즈(영업이익 57.2조원)로 저평가 매력이 높아졌으나, 노조 리스크와 '미토스 쇼크'로 단기 변동성이 존재. 현재 주가(219,500원)가 5일선(219,000원) 근처에서 조정 중이며, 거래량 감소로 추가 하락 가능성 있음. Belief에서 저가 분할 매수 전략이 적합하다고 판단하여 216,000원(-1.6% 수준) 지정가로 50주 분할 매수하여 평균 단가를 낮추고 장기 저평가 기회를 활용. 현금 비중이 높아(97.8%) 리스크 관리 가능."
simulation_20260625_185013,2026-04-27,2,A095,2026-04-27,2026-04-24,2026-04-24,2026-04-27,prior_close,005930,buy,10,210000.0,limit,"시장 분석에서 단기 조정 가능성을 인지했으나, 1분기 실적 호조와 정치권 반도체 클러스터 지원 등 펀더멘털 호재가 하방을 지지할 것으로 판단. 현재 현금 비중이 97.8%로 매우 높고, 주가가 20일선(202,742원) 부근으로 하락 시 분할 매수 기회를 노리기 위해 보수적인 지정가 매수를 설정. 거래량 급감은 관망세를 의미하나, 실적 기반의 중장기 가치에 주목하여 소량 매수로 리스크를 분산. 뉴스 혼조와 노사 리스크를 고려해 과도한 매수는 자제하고 50만원 한도 내로 제한."
simulation_20260625_185013,2026-04-27,2,A075,2026-04-27,2026-04-24,2026-04-24,2026-04-27,prior_close,005930,buy,10,218000.0,limit,"1분기 사상 최대 영업이익(57.2조)과 저평가 매력, 장기 펀더멘털 강건함에 기반하여 소량 매수 결정. 단기 노사 리스크와 HBM 경쟁력 지연은 인지하나, 현금 비중이 97.8%로 과다하여 소량 매수로 포트폴리오 균형을 맞춤. 현재가 219,500원 대비 0.68% 낮은 218,000원에 지정가 주문하여 추가 하락 시 체결 기대."
simulation_20260625_185013,2026-04-27,2,A087,2026-04-27,2026-04-24,2026-04-24,2026-04-27,prior_close,005930,sell,213,220000.0,limit,"현재 주가(219,500원)가 20일 이동평균(202,742원) 대비 8.3% 높고, 단기 5일선(219,000원)과 동일 수준에서 등락하며 상승 모멘텀이 약화됨. 노조 총파업 예고와 기술 유출 확정 등 단기 악재가 실적 호재를 압도하며 불확실성이 커졌고, 거래량 급감(43%)은 관망 심리를 반영. 보유 주식 평단(222,000원) 대비 소폭 손실 상태이나, 추가 하락 시 손실 확대를 방지하기 위해 일부 물량을 매도하여 현금 비중을 높이고 리스크를 축소하려 함. 매도 호가는 220,000원(직전 저항선)으로 설정하여 반등 시 청산 기회를 노림."
simulation_20260625_185013,2026-04-27,2,A006,2026-04-27,2026-04-24,2026-04-24,2026-04-27,prior_close,005930,buy,1,219500.0,limit,"현재 포지션 유지가 가장 바람직하나 hold 불가로 인해 최소 단위 매수로 사실상 유지. 5일선(219,000) 지지 확인 중이나 거래량 감소와 노사 이슈로 추가 매수는 자제. 소량 매수로 포지션 유지 의사를 표현하며, 지지선 확인 후 본격적인 매수 결정 예정."
simulation_20260625_185013,2026-04-27,2,A097,2026-04-27,2026-04-24,2026-04-24,2026-04-27,prior_close,005930,buy,100,219000.0,limit,"현재 주가가 5일선(219,000원) 근처이며, 1분기 역대급 실적과 반도체 업황 호조가 하방을 지지합니다. 파업 리스크로 단기 혼조가 예상되나, 고현금 비중을 활용한 분할 매수 기회로 판단하여 5일선에서 소규모 매수합니다."
simulation_20260625_185013,2026-04-28,3,A009,2026-04-28,2026-04-27,2026-04-27,2026-04-28,prior_close,005930,buy,3,222000.0,limit,"5일선(221,000원) 위 안정, 거래량 회복(+16.5%), AI 협력 및 ETF 수급 긍정적. 단기 추세 긍정으로 전환했으나 확신은 중간 수준이므로 소량 매수로 리스크 제한. FOMC·빅테크 실적 경계 고려해 5일선 부근(222,000원) 지정가 주문으로 하락 시 매수 기회 포착."
simulation_20260625_185013,2026-04-28,3,A090,2026-04-28,2026-04-27,2026-04-27,2026-04-28,prior_close,005930,buy,30,222000.0,limit,"기술적 지표(5일선 221,000원, 20일선 205,152원)가 상승 추세를 지지하고 있으며, ETF 매집 호재로 기관 수급 안정성이 확인됨. 현재 주가가 20일선 대비 9.4% 높아 고평가 부담이 없어 분할 매수 기회로 판단. 다만 거래량 둔화와 FOMC 불확실성을 고려해 보수적으로 30주만 지정가(222,000원)에 매수하여 평균 단가를 낮추고 추가 상승 시 수익을 노림."
simulation_20260625_185013,2026-04-28,3,A025,2026-04-28,2026-04-27,2026-04-27,2026-04-28,prior_close,005930,buy,44,223500.0,limit,"기술적 지표 긍정 전환(거래량 +16.5%, 5일선 상회)과 ETF·AI 테마 호재가 중장기 호재. 보유 비중이 낮아(11.5%) 추가 매수 여력 충분. 다만 225,000원 박스권 상단 저항과 FOMC 변수로 인해 추격 매수보다는 223,500원(5일선 근방) 지정가로 분할 매수하여 리스크 완화. 현재 소폭 수익 상태이나 확신도 medium이므로 보수적 수량(약 현금의 11%)만 매수."
simulation_20260625_185013,2026-04-28,3,A019,2026-04-28,2026-04-27,2026-04-27,2026-04-28,prior_close,005930,buy,30,220000.0,limit,"현재 주가(224,500원)는 1분기 어닝 서프라이즈와 반도체 업황 호조를 반영 중이나 PER/PBR 기준 저평가 구간으로 판단. 코스피 사상 최고치와 ETF 수급 안정성, AI 협력 뉴스 등 긍정적 신호가 우세하나, FOMC와 노조 리스크로 단기 변동성 가능성 존재. 5일선(221,000원) 부근 하락 시 분할 매수 기회로 활용하기 위해 220,000원 지정가 매수 주문. 현금 비중 86.6%로 충분한 여력이 있고, 20일선(205,152원)까지 추가 하락 시 추가 매수 계획. 보유 비중을 13.4%에서 20% 수준으로 소폭 확대하여 상승 참여."
simulation_20260625_185013,2026-04-28,3,A084,2026-04-28,2026-04-27,2026-04-27,2026-04-28,prior_close,005930,buy,30,222000.0,limit,"뉴스에서 스마트공장·AI 협력·반도체 패키징 수요 증가 등 중장기 성장 동력이 확인되었고, ETF 자금 유입과 코스피 사상 최고치 경신 등 긍정적 신호가 강화됨. 현재 주가 224,500원은 20일선 대비 9.4% 높아 적정 밸류에이션 구간이나, 단기 변동성을 고려해 222,000원(5일선 221,000원 근처)에서 저가 분할 매수로 리스크를 낮춤. 보유 비중 27%로 추가 매수 여력이 있으며, 확신도 medium 수준에서 보수적 수량(30주, 약 666만원)으로 접근."
simulation_20260625_185013,2026-04-28,3,A006,2026-04-28,2026-04-27,2026-04-27,2026-04-28,prior_close,005930,sell,100,224500.0,limit,"Belief와 시장 분석에서 FOMC 불확실성과 거래량 부진으로 단기 상승 동력이 약하다고 판단, 현재가 224,500원은 20일선 대비 9.4% 높아 밸류에이션 매력이 낮으며, 과거 성과 부진과 낮은 확신 수준으로 보수적 접근이 필요함. 미실현 이익이 소폭 발생한 상태에서 처분효과 성향상 일부 차익 실현하여 현금 비중을 늘리고 리스크를 줄이기로 결정. 매도 수량 100주는 전체 보유(223주)의 절반 미만으로 과도한 매도를 피하며, 현금 비중을 50% 이상 유지하여 추가 하락 시 매수 여력 확보."
simulation_20260625_185013,2026-04-28,3,A087,2026-04-28,2026-04-27,2026-04-27,2026-04-28,prior_close,005930,sell,300,226000.0,limit,"현재 주가가 20일선 대비 9.4% 높아 단기 고평가 부담이 있고, FOMC와 빅테크 실적 발표 앞두고 변동성 확대 가능성이 있습니다. 과거 수익 시 빠른 매도 성향을 고려해 일부 이익을 실현하여 리스크를 관리하고, 하락 시 추가 매수 기회를 확보하는 전략입니다. 보유 중인 900주 중 300주를 226,000원에 매도하여 약 0.7% 이익을 확정합니다. 뉴스는 전반적 긍정적이나 단기 변동성 리스크가 있어 보수적 접근이 필요하다고 판단했습니다."
simulation_20260625_185013,2026-04-28,3,A075,2026-04-28,2026-04-27,2026-04-27,2026-04-28,prior_close,005930,buy,50,219000.0,limit,"Belief와 시장 분석 모두 저평가 구간을 강조하며 중장기 펀더멘털 견고함을 확인했습니다. 노조 파업 등 단기 악재로 주가가 조정될 경우 20일선(205,152원) 부근까지 하락 가능성이 있으나, 현재 224,500원에서 급락 시 219,000원(전일 저가 부근)에서 분할 매수 기회를 포착하려 합니다. 현금 비중 95.5%로 추가 매수 여력이 충분하며, 단기 변동성을 고려해 보수적인 수량(50주, 약 1,095만원)으로 제한하여 리스크를 통제합니다. ETF 유입과 AI 협력 등 중장기 호재가 단기 악재를 상쇄할 것으로 판단해 저가 매수 전략을 선택했습니다."
simulation_20260625_185013,2026-04-28,3,A095,2026-04-28,2026-04-27,2026-04-27,2026-04-28,prior_close,005930,buy,10,219000.0,limit,"단기 조정 가능성과 FOMC·빅테크 실적 경계감으로 인해 추가 하락 시 20일 이동평균(205,152원) 근처에서 분할 매수 기회를 모색하는 신중한 접근. 현재 현금 비중이 95.5%로 매우 높고, 미실현 이익이 소액(0.17%)에 불과하여 급락 시 매수 여력이 충분함. 반도체 호황과 AI 테마의 중장기 성장성은 펀더멘털을 지지하지만, 단기 변동성 리스크를 고려해 지정가 219,000원(현재가 대비 약 2.5% 하락)에서 소량 매수하여 평균 단가를 낮추고 리스크를 분산함. 핵심 근거: 뉴스 혼조(ETF 편입 긍정 vs. FOMC 경계), 기술적 지표(MA5/MA20 상회하나 거래량 증가와 단기 급등 우려), 포트폴리오 상태(고현금 비중, 소액 보유)."
simulation_20260625_185013,2026-04-28,3,A097,2026-04-28,2026-04-27,2026-04-27,2026-04-28,prior_close,005930,buy,445,221000.0,limit,"5일선(221,000원) 지지 확인 시 분할 매수 기회로 판단. 반도체 호실적·ETF 자금 유입·코스피 최고치 경신 등 긍정 재료가 우세하나, 기술 유출·파업·FOMC 등 단기 변동성 리스크를 고려해 5일선 근처에서 보수적 분할 매수. 현재 현금 비중 87.8%로 충분한 여력 있으며, 1차 매수단가(219,817원) 대비 0.5% 높은 수준으로 리스크 제한적."
simulation_20260625_185013,2026-04-29,4,A025,2026-04-29,2026-04-28,2026-04-28,2026-04-29,prior_close,005930,buy,44,220000.0,limit,"기술적 지표상 5일선(221,600원) 지지와 20일선(207,892원) 이격 확대로 반등 가능성이 존재하며, 현재 밸류에이션 부담이 크지 않음. 다만 거래량 감소와 노동 리스크로 추세 확신이 부족하여, 박스권 하단 근처(220,000원)에서 저가 매수 기회를 노림. 보유 비중을 소폭 확대하되 신규 매수는 보수적 수량으로 제한하여 리스크 관리. 헤드라인 뉴스는 혼조이나 중장기 AI 테마를 긍정적으로 반영."
simulation_20260625_185013,2026-04-29,4,A019,2026-04-29,2026-04-28,2026-04-28,2026-04-29,prior_close,005930,buy,45,218000.0,limit,"저평가 매력(내재가치 대비 10~15% 할인)과 AI 반도체 수요, 구조조정 모멘텀을 고려해 20일선(207,892원)과 최근 지지 구간인 218,000원 부근에서 분할 매수 기회로 판단. 보유 현금 비중(약 80%)이 충분하고, 단기 파업 리스크와 FOMC 경계로 관망세이나 장기 긍정 전망 유지. 매수 단가를 낮추고 현금 비중을 70%대로 조정하며 위험 분산."
simulation_20260625_185013,2026-04-29,4,A090,2026-04-29,2026-04-28,2026-04-28,2026-04-29,prior_close,005930,buy,30,221000.0,limit,"현재 보유 현금 63,456,738원 중 30주 매수 시 약 6,630,000원 사용으로 최대 거래 현금 제약(31,728,368원) 이내. 기술적 지표는 상승 추세 지지, 20일선(207,892원) 대비 괴리율 6.8%로 고평가 부담 없음. AI 협력과 가전 구조조정은 중장기 긍정적 요인이며, 거래량 감소와 FOMC 불확실성에도 불구하고 혼조된 뉴스 속에서 AI 기대감이 우세. 손실 시 추가 매수 성향을 고려하여 평균 단가 221,364원 대비 낮은 가격(221,000원)에 분할 매수로 포트폴리오 비중을 점진적으로 확대. 헤드라인 뉴스 중 AI 파트너십 강화가 핵심 근거."
simulation_20260625_185013,2026-04-29,4,A009,2026-04-29,2026-04-28,2026-04-28,2026-04-29,prior_close,005930,buy,5,221500.0,limit,"5일선(221,600원) 부근 지지 확인 및 AI 협력 뉴스 긍정적 모멘텀 기대. 거래량 감소와 뉴스 혼재로 확신도는 중간이나, 현금 비중이 98.9%로 높아 추가 매수 여력 충분. 소량 분할 매수로 평균단가를 낮추고 5일선 이탈 시 손절 가능. 핵심 근거: 기술적 지지선(5일선) 근접, 현금 비중 과다, AI 협력 긍정 헤드라인."
simulation_20260625_185013,2026-04-29,4,A006,2026-04-29,2026-04-28,2026-04-28,2026-04-29,prior_close,005930,buy,10,222000.0,limit,"AI 모멘텀(구글 회동, ETF 수요) 긍정적 신호와 현금 비중(72.7백만원)이 높아 분할 매수 기회로 판단. 현재 주가(222,000원)가 5일선(221,600원) 위에 있어 단기 추세 유지 중이며, 220,000원 지지선이 유효할 경우 추가 상승 가능성 고려. 파업 리스크와 거래량 부진으로 확신도가 낮아 보수적 수량(10주)으로 제한하여 평균 매수 단가를 낮추고 리스크를 분산."
simulation_20260625_185013,2026-04-29,4,A084,2026-04-29,2026-04-28,2026-04-28,2026-04-29,prior_close,005930,buy,30,218000.0,limit,"현재 주가 222,000원은 5일선(221,600원) 근처이나, 노조 파업 리스크와 거래량 감소로 단기 조정 가능성이 있어 20일선(207,893원)과 현재가 사이인 218,000원에 지정가 매수. 이는 저평가 밸류에이션과 중장기 AI 호재를 고려한 분할 매수 전략의 일환으로, 보유 현금 66,733,375원 대비 소액 매수로 리스크를 제한함. 뉴스 혼조와 확신도 medium을 반영하여 보수적 수량(30주, 약 6,540,000원)만 매수."
simulation_20260625_185013,2026-04-29,4,A087,2026-04-29,2026-04-28,2026-04-28,2026-04-29,prior_close,005930,buy,300,215000.0,limit,"파업 리스크와 FOMC 경계로 단기 조정 가능성이 있으나, AI 협력과 반도체 호황이 중장기 지지하며 20일선(207,892원) 부근에서 저가 매수 기회로 판단. 현재 보유 현금 비중이 86.7%로 높아 하락 시 분할 매수 전략이 적합하며, 215,000원은 20일선 대비 3.4% 높은 수준으로 단기 고평가 부담을 완화하면서도 중장기 저평가 매력을 활용할 수 있는 가격. 거래량 감소와 단기 과열 신호를 고려해 보수적으로 300주만 매수하여 리스크를 제한."
simulation_20260625_185013,2026-04-29,4,A095,2026-04-29,2026-04-28,2026-04-28,2026-04-29,prior_close,005930,buy,60,218000.0,limit,"뉴스: 구글 딥마인드 회동과 AI 반도체 ETF 순매수 긍정적, 시장: 저평가 구간 및 5일선(221,600원) 근처 지지 테스트 중, 포트폴리오: 현금 비중 93%로 매수 여력 충분. 커뮤니티 저평가 분석과 중장기 AI 수요를 고려해 분할 매수 결정. 다만 파업 리스크로 인해 저가 매수로 제한."
simulation_20260625_185013,2026-04-29,4,A075,2026-04-29,2026-04-28,2026-04-28,2026-04-29,prior_close,005930,buy,10,210000.0,limit,"노조 파업 리스크로 단기 하락 가능성이 있으나, 20일선(207,892원) 부근 강한 지지 예상 및 PER/PBR 저평가 구간에서 분할 매수 기회로 판단. AI 반도체 장기 호재와 가전 구조조정이 하방 지지. 보유 현금이 충분하고 현재 포지션이 가벼워 추가 하락 시 매수 여력 확보. 뉴스 혼재 속 파업 현실화 전 보수적 접근으로 20일선 근처 저가 매수."
simulation_20260625_185013,2026-04-29,4,A097,2026-04-29,2026-04-28,2026-04-28,2026-04-29,prior_close,005930,buy,500,222000.0,limit,"5일선(221,600원) 지지 구간에서 분할 매수. 파업 리스크로 단기 하락했으나 AI 반도체 ETF 자금 유입과 허사비스 회동 등 중장기 호재가 하방 지지. PER/PBR 기준 저평가 구간이며 현금 비중 78%로 추가 매수 여력 충분. 기술적 지지 확인 및 중장기 성장성에 베팅."
simulation_20260625_185013,2026-04-30,5,A090,2026-04-30,2026-04-29,2026-04-29,2026-04-30,prior_close,005930,buy,10,224500.0,limit,"기술적 상승 추세(5일선 223,300원, 20일선 209,710원)와 AI 신사업 기대감은 긍정적이나, 거래량 정체와 노사 갈등 리스크로 단기 횡보 가능성이 있어 소극적 매수로 대응. 현재 미실현 이익이 있으나 포트폴리오 현금 비중(63%)이 높아 분할 매수 기회를 활용. 5일선 근처(224,500원)에서 지정가 매수 시 하방 리스크 제한적."
simulation_20260625_185013,2026-04-30,5,A025,2026-04-30,2026-04-29,2026-04-29,2026-04-30,prior_close,005930,sell,5,225500.0,limit,기술적 지표는 단기 반등 가능성을 시사하나 노사 갈등과 거래량 감소로 확신도가 낮음. 현재 소폭 수익 중으로 처분효과 성향에 따라 일부 차익실현. 현금 비중을 높여 추가 하락 시 저가 매수 기회를 확보.
simulation_20260625_185013,2026-04-30,5,A009,2026-04-30,2026-04-29,2026-04-29,2026-04-30,prior_close,005930,buy,1,226000.0,limit,"기술적 지지선(5일선 223,300원) 위에서 안정적 거래 및 거래량 증가로 단기 반등 기대. 혼재된 뉴스로 확신도는 낮으나, 분할 매수 기회로 판단. 현재 포트폴리오가 대부분 현금이므로 소량 추가 매수로 리스크 관리."
simulation_20260625_185013,2026-04-30,5,A019,2026-04-30,2026-04-29,2026-04-29,2026-04-30,prior_close,005930,buy,45,221000.0,limit,"오늘의 Belief와 시장 분석에서 DS부문 호실적 및 AI 수요 모멘텀, 저평가 매력(PER/PBR 기준 10~15% 할인)이 중장기 긍정 요인으로 작용. 당일 1.8% 상승에도 20일선(209,710원) 대비 안정적 지지대를 유지하며, 거래량 증가는 매수세 유입 신호. 다만 단기 노사 갈등(가처분 심문 5월 중순)과 FOMC 경계로 변동성 확대 가능성을 고려해, 하락 시 분할 매수 전략 일환으로 221,000원(20일선 대비 약 5.4% 상단) 지정가 매수를 통해 진입가를 낮추고 리스크를 통제. 현재 80% 현금 비중을 고려해 보수적으로 45주만 매수하여 현금 비중을 약 65%로 유지하고, 추가 하락 시 매수 여력을 확보."
simulation_20260625_185013,2026-04-30,5,A084,2026-04-30,2026-04-29,2026-04-29,2026-04-30,prior_close,005930,buy,73,222500.0,limit,"현재 포트폴리오 보유 비중 33.7%로 낮은 편이며, 현금 비중이 66.2%로 충분하여 추가 매수 여력이 있음. 오늘의 믿음(dim_2)과 시장 분석(valuation_view)에서 내재가치 대비 10~15% 저평가 상태로 판단하고, 20일선(약 209,710원) 위에서 안정적인 흐름을 보여 중장기 매수 매력이 유효함. 단기 노사 갈등과 빅테크 실적 불확실성은 존재하나, 오늘 1.8% 상승 마감은 리스크를 일부 소화한 신호로 해석(dim_5). 분할 매수 전략을 유지하며 20일선 근처(20일선 대비 약 6% 높은 수준)에서 보수적 접근을 선택. 과거 손실 경험을 반영해 추격 매수보다는 222,500원 지정가로 접근."
simulation_20260625_185013,2026-04-30,5,A006,2026-04-30,2026-04-29,2026-04-29,2026-04-30,prior_close,005930,buy,20,223500.0,limit,"현재 주가(226,000원)가 5일선(223,300원) 위에 위치하며 단기 안정세를 보이고 있으나, 노사 갈등 부정적 뉴스와 박스권 상단(230,000원) 돌파 미확인으로 인해 추가 매수는 신중히 접근. 220,000원 지지선과 5일선 근처(223,300~223,500원)에서 분할 매수 기회를 포착하기 위해 223,500원에 소량 매수 지정. 보유 현금 비중이 72.3%로 높아 리스크가 제한적이며, AI 인재 육성 및 히트펌프 신사업 등 중장기 호재를 고려할 때 현재 가격대는 장기 투자 관점에서 매력적. 과거 낮은 성과와 처분효과를 인지하여 과도한 매수는 자제하고 보수적 수량(20주)으로 제한."
simulation_20260625_185013,2026-04-30,5,A095,2026-04-30,2026-04-29,2026-04-29,2026-04-30,prior_close,005930,sell,30,228500.0,limit,"노사 갈등 심화(가처분 신청, 부문간 갈등)와 미국 반도체주 하락(마이크론 -3.9%)이 단기 하방 압력을 강화하고, 오픈AI 성장 우려로 AI 반도체 업황 불확실성이 확대되었습니다. 안정성 선호 성향과 과거 저조한 성과를 고려해 단기 반등(1.8%)을 차익 실현 기회로 활용하며, 현재 미실현 이익(270,000원)을 확보하는 것이 리스크 관리에 유리하다고 판단했습니다. 뉴스와 시장 분석에서 노사 리스크가 핵심 부정 요인으로 작용합니다."
simulation_20260625_185013,2026-04-30,5,A087,2026-04-30,2026-04-29,2026-04-29,2026-04-30,prior_close,005930,sell,200,226000.0,limit,"파업 리스크(5월21일~6월7일)와 법원 가처분 결정(5월 중순) 불확실성이 단기 하방 압력을 높이고 있습니다. 현재 주가(226,000원)는 20일선 대비 7.8% 높아 추가 상승보다 조정 가능성이 크며, 뉴스에서 부정적 요소(생산차질 30조원 우려, 정부 우려)가 구체화되었습니다. 미실현 이익이 240만원(1.8%)에 불과하나, 수익 시 조기 매도 성향과 리스크 관리 차원에서 보유 물량의 일부(200주)를 차익 실현하여 현금 비중을 확대합니다."
simulation_20260625_185013,2026-04-30,5,A097,2026-04-30,2026-04-29,2026-04-29,2026-04-30,prior_close,005930,buy,864,222000.0,limit,"현재가(226,000원)가 5일선(223,300원) 위에 있으나 단기 파업 리스크(5/13~21)와 거래량 증가 폭이 크지 않아 22만원 초반으로 되돌림 시 분할 매수 기회로 판단. PER/PBR 역사적 저평가(내재가치 대비 10~15% 할인) 및 1분기 최대 실적이 하방 지지. 과거 낮은 성과를 고려해 지정가 222,000원에 총 매수액 약 1.92억원(현금 대비 24.5%)으로 보수적 분할 매수 실행."
simulation_20260625_185013,2026-04-30,5,A075,2026-04-30,2026-04-29,2026-04-29,2026-04-30,prior_close,005930,buy,50,222000.0,limit,"현재 저평가 구간(PER/PBR 기준)과 20일선(209,710원) 부근 강한 지지, 1분기 최대 실적 및 AI 반도체 장기 수요를 고려해 분할 매수 기회를 활용. 단기 파업 리스크(5월21일 예고)와 법원 가처분 결정(5월중순) 불확실성으로 인해 20일선 근처(222,000원)에서 보수적 분할 매수 실행. 현금 비중 84.2%로 충분한 여력 있으며, 미실현 이익 2.1%로 손실 위험 제한적. 뉴스 혼재 속 파업 리스크 부각되었으나, 저평가 매력과 중장기 성장성 유효해 신중한 저가 매수 결정."
simulation_20260625_185013,2026-05-04,6,A025,2026-05-04,2026-04-30,2026-04-30,2026-05-04,prior_close,005930,buy,10,219000.0,limit,펀더멘털(메모리 초과 이익) 견고함과 20일선 지지 기대에 따라 추가 하락 시 분할 매수 전략을 채택. 현금 비중이 높아 소액 매수로 평균 단가를 낮추는 동시에 리스크를 제한. 혼재된 뉴스로 확신도가 낮아 보수적 수량으로 설정.
simulation_20260625_185013,2026-05-04,6,A009,2026-05-04,2026-04-30,2026-04-30,2026-05-04,prior_close,005930,buy,5,215000.0,limit,"현재 주가가 5일선을 이탈하며 20일선(211815) 방향으로 하락 중이지만, 1분기 메모리 이익률 73%와 '분당 265억 이익'은 펀더멘털 강세를 지지함. 파업 리스크로 단기 변동성이 확대되었으나, 20일선 근처(215,000원)는 기술적 지지 구간으로 판단되어 분할 매수 기회로 삼음. 현금 비중이 98.7%로 매우 높아 위험 분산 차원에서 소량 매수로 접근, 추후 하락 시 추가 매수 가능성 열어둠. 뉴스 혼조와 기술적 약세를 고려해 매수 수량을 보수적으로 5주로 제한."
simulation_20260625_185013,2026-05-04,6,A006,2026-05-04,2026-04-30,2026-04-30,2026-05-04,prior_close,005930,buy,30,218500.0,limit,"220,000원 지지선이 붕괴 직전이나 실적 호조(1분기 265억)가 바닥을 지지하고, 파업 리스크로 인한 추가 하락 시 저가 매수 기회로 판단. 보유 현금 비중 68%로 리스크 제한적이며, 20일선(211,815원) 근처에서 분할 매수 전략. 기술적 약세 신호(5일선 하회)를 고려해 지정가 218,500원으로 보수적 진입. 거래량 증가 하락이 하방 압력을 확인했으나, 확신도가 낮아 소량만 매수."
simulation_20260625_185013,2026-05-04,6,A075,2026-05-04,2026-04-30,2026-04-30,2026-05-04,prior_close,005930,buy,50,220000.0,limit,"1분기 사상 최대 실적(영업익 57.2조)과 메모리 이익률 73%가 펀더멘털을 강력히 지지하며, PER/PBR 기준 역사적 저평가 구간입니다. 청와대 개입과 노조 내부 혼선으로 파업 리스크가 제한적일 것으로 판단되어, 중장기 관점에서 현재 주가는 매력적인 진입 구간입니다. 단기 변동성에 대비해 보유 현금을 충분히 유지하며 보수적으로 분할 매수합니다."
simulation_20260625_185013,2026-05-04,6,A084,2026-05-04,2026-04-30,2026-04-30,2026-05-04,prior_close,005930,buy,20,213000.0,limit,"1분기 사상 최대 실적과 메모리 초호황이라는 강력한 펀더멘털이 하방을 지지하며, PER/PBR 기준 내재가치 대비 10~15% 저평가 구간 유지. 20일선(약 211,815원) 부근은 주요 지지선으로 단기 급락 시 저가 매수 기회. 보유 현금 50,628,827원으로 충분한 여력이 있으며, 20일선 근처에서 분할 매수로 평균 단가를 낮추고 장기 가치 투자 관점에서 포지션 구축. 파업 불확실성으로 확신도가 'medium'이므로 소량(20주, 약 426만 원)으로 제한해 리스크 통제."
simulation_20260625_185013,2026-05-04,6,A019,2026-05-04,2026-04-30,2026-04-30,2026-05-04,prior_close,005930,buy,30,212000.0,limit,"1분기 사상 최대 실적(영업이익 57조)과 AI 수요 기반 중장기 성장 모멘텀에도 불구, 노조 파업 리스크로 단기 변동성 확대. 현재 PER·PBR 기준 역사적 저평가 구간이며, 20일선(약 211,800원) 부근에서 기술적 지지 기대. 현금 비중 70.3%로 분할 매수 여력 충분하나, 파업 불확실성으로 단기 추가 하락 가능성을 고려해 보수적으로 30주만 지정가 매수. 평균 매수 단가를 낮추고 미실현 이익(현재 0.73%)을 보호하기 위해 20일선 이탈 시 손절 라인 재검토 필요."
simulation_20260625_185013,2026-05-04,6,A090,2026-05-04,2026-04-30,2026-04-30,2026-05-04,prior_close,005930,buy,30,218000.0,limit,"20일선(211,815원) 위에 안착한 중기 추세와 메모리 이익률 73%의 호실적이 하방을 지지하고 있어, 추가 하락 시 218,000원 부근에서 기술적 반등이 예상됩니다. 현재 포트폴리오는 소폭 손실(-0.16%) 상태이나 현금 비중이 약 61%로 여유가 있어, 보유 물량을 소폭 추가하여 평균 단가를 낮추고 반등 시 수익을 확보하려 합니다. 다만 노사 갈등 리스크와 5일선 하회 등 단기 불확실성을 고려해 매수 수량을 30주(약 1.1% 현금 사용)로 보수적으로 제한했습니다."
simulation_20260625_185013,2026-05-04,6,A087,2026-05-04,2026-04-30,2026-04-30,2026-05-04,prior_close,005930,buy,300,220500.0,limit,"현재 220,500원은 20일 이동평균선(211,815원) 위에 있고, 사상 최대 실적(영업이익 57.2조, 메모리 이익률 73%) 및 AI·HBM 수요 확대라는 강력한 펀더멘털을 고려할 때 저평가 매력이 큽니다. 파업 리스크로 단기 변동성이 있으나, 현금 비중이 86.7%로 매우 높고 미실현 손실이 미미해 추가 매수 여력이 충분합니다. 지정가 220,500원은 현재가와 동일하게 설정하여 추가 하락 시 지지력을 확인하며 분할 매수하는 전략입니다. 기술적 지표상 20일선 지지 확인 전 보수적 수량으로 접근합니다."
simulation_20260625_185013,2026-05-04,6,A095,2026-05-04,2026-04-30,2026-04-30,2026-05-04,prior_close,005930,sell,30,221000.0,limit,"단기적으로 노조 파업 리스크와 대통령·청와대의 우려 발언이 하방 압력을 키우고, 주가가 5일선(222,500원)을 하회하며 매도 우세 거래량을 보였습니다. 보유 30주는 소액 미실현 이익(105,000원) 상태로, 수익 시 조기 매도 성향과 안정성 선호에 따라 차익 실현이 합리적입니다. 현금 비중 93%를 유지하며 파업 불확실성 해소 시까지 관망하는 전략입니다."
simulation_20260625_185013,2026-05-04,6,A097,2026-05-04,2026-04-30,2026-04-30,2026-05-04,prior_close,005930,buy,500,220000.0,limit,"1분기 사상 최대 실적과 저평가 매력, 정부 개입 기대감으로 긍정적 전망 유지. 22만원 지지선 근처에서 매수 기회 포착. 단기 변동성은 있으나 중장기 성장성에 베팅. 포트폴리오 현금 비중 높아 추가 매수 여력 충분."
simulation_20260625_185013,2026-05-06,7,A009,2026-05-06,2026-05-04,2026-05-04,2026-05-06,prior_close,005930,sell,6,233000.0,limit,"TV사업 경쟁력 약화와 금리 인상 가능성 뉴스가 부정적이며, 기술적으로 20일선 지지 여부가 불확실한 상황. 미실현 이익이 소폭이지만, 추가 하락 시 손실 확대를 우려하여 전량 매도로 리스크 축소 결정. 보유 수량이 적어 손절 부담이 낮고, 현금 비중을 높여 시장 관망 전략으로 전환."
simulation_20260625_185013,2026-05-06,7,A006,2026-05-06,2026-05-04,2026-05-04,2026-05-06,prior_close,005930,sell,10,232500.0,limit,Lock in small profit amid negative news and rate hike concerns; technical rebound provides exit opportunity while maintaining majority position.
simulation_20260625_185013,2026-05-06,7,A090,2026-05-06,2026-05-04,2026-05-04,2026-05-06,prior_close,005930,sell,50,233000.0,limit,"부정적 뉴스(금리 인상, TV 사업 부진, 기관 차익실현 논의)로 단기 상승 모멘텀 약화 예상. 현재 소폭 수익(1.94%) 상태에서 처분효과 성향에 따라 일부 차익실현하여 리스크 축소. 5일선(225,100원) 위에 있으나 거래량 급증(48.5%)은 변동성 확대 신호로 해석. 현금 비중 유지하며 추가 하락에 대비."
simulation_20260625_185013,2026-05-06,7,A084,2026-05-06,2026-05-04,2026-05-04,2026-05-06,prior_close,005930,buy,20,230000.0,limit,"PER/PBR 기준 역사적 저평가 구간으로 내재가치 대비 할인된 수준이며, 반도체 업황 견조와 기관 수급 유입 등 긍정적 신호가 확인됨. 국민연금 매도 유예 논의와 금리 인상 가능성 등 단기 리스크가 혼재하나, 저평가 매력을 고려하여 20일선 부근(230,000원)에서 소량 분할 매수로 접근. 뉴스에서는 TV 사업 전환 및 반도체 장비 테마 강세가 긍정적이며, 현재 보유 현금이 충분하여 추가 매수 여력이 있음."
simulation_20260625_185013,2026-05-06,7,A019,2026-05-06,2026-05-04,2026-05-04,2026-05-06,prior_close,005930,sell,15,234500.0,limit,"현재 주가 232,500원은 20일선 대비 8.6% 상승해 단기 upside가 제한적이며, 국민연금 매도 논의·금리 인상 가능성·TV사업 부진 등 부정적 뉴스가 혼재되어 방향성 불투명. 거래량 급증(48.5%)은 추세 전환 신호 가능성. 미실현 이익 6.2%를 기반으로 일부 차익실현하여 현금 비중(69%)을 높이고, 20일선(214,130원) 부근 조정 시 분할 매수 자금을 확보하는 것이 안전하다고 판단. 매도 시점은 5일선(225,100원) 지지 확인 및 235,000원 저항 부근에서의 단기 고점 매도 전략."
simulation_20260625_185013,2026-05-06,7,A025,2026-05-06,2026-05-04,2026-05-04,2026-05-06,prior_close,005930,sell,95,232500.0,limit,"기술적 상승 추세에도 불구하고 금리인상 발언, TV 사업 부진, 국민연금 차익실현 논의 등 부정적 뉴스가 단기 하방 압력을 강화. 미실현 이익(약 3.8%) 상태에서 빠른 이익실현 성향에 따라 전량 매도하여 리스크를 회피하고 현금 비중을 극대화. 포트폴리오 상태와 헤드라인 스캔 결과가 핵심 근거."
simulation_20260625_185013,2026-05-06,7,A087,2026-05-06,2026-05-04,2026-05-04,2026-05-06,prior_close,005930,sell,200,232500.0,limit,"단기 급등(5.44%) 및 거래량 급증으로 차익 실현 매물 출회 가능성, 노조 파업·금리 인상 리스크가 혼재된 구간에서 안정성 중시 성향에 따라 일부 차익 실현을 통해 리스크를 관리함. 현재 수익률 0.69%로 평균적인 상황에서 추가 변동성에 노출되기보다 보유 물량을 400주로 줄여 현금 비중을 더 확보함. 씨티그룹 목표주가 하향 등 부정적 뉴스가 심리적 부담으로 작용함."
simulation_20260625_185013,2026-05-06,7,A095,2026-05-06,2026-05-04,2026-05-04,2026-05-06,prior_close,005930,buy,108,220000.0,limit,"현재 주가 232,500원은 20일선(214,130원) 대비 8.6% 높아 단기 조정 가능성이 있으나, 저평가 매력(PER/PBR 역사적 저점)과 20일선 지지 기대를 고려해 분할 매수 기회를 탐색합니다. 부정적 뉴스(금리 인상, 국민연금 매도, TV 경쟁력 약화)가 우세하나, 현금 비중이 높아 하락 시 저가 매수 여력이 충분합니다. 220,000원은 20일선과 5일선(225,100원) 사이로 기술적 지지 가능성이 있는 가격대이며, max_single_trade_cash(50,229,128원) 이내에서 108주(23,760,000원) 매수하여 리스크를 제한합니다."
simulation_20260625_185013,2026-05-06,7,A075,2026-05-06,2026-05-04,2026-05-04,2026-05-06,prior_close,005930,sell,20,232500.0,limit,"단기 노조 리스크와 금리 인상 가능성, 실적 전망 하향 등 부정적 요인이 우세하여 일부 이익 실현 및 현금 비중 확보. 중장기 긍정적 시각은 유지하나, 단기 변동성에 대비해 보유 주식의 일부를 매도하여 리스크 관리. 현재 미실현 이익 5.9% 상태에서 일부 차익 실현."
simulation_20260625_185013,2026-05-06,7,A097,2026-05-06,2026-05-04,2026-05-04,2026-05-06,prior_close,005930,buy,1000,232500.0,limit,"코스피 급등과 삼성전자 5.44% 상승, 거래량 48.5% 급증으로 강한 단기 모멘텀 확인. PER/PBR 역사적 저평가 구간(내재가치 대비 10~15% 할인)이며 1분기 사상 최대 실적이 밸류에이션을 뒷받침. 기관·외인 매수세와 반도체 장비·HBM 테마 강세 지속. 현재 포트폴리오 수익 5.5%로 우량 포지션, 현금 비중 58%로 추가 매수 여력 충분. 분할 매수 전략으로 강한 추세 신호에 대응."
simulation_20260625_185013,2026-05-07,8,A084,2026-05-07,2026-05-06,2026-05-06,2026-05-07,prior_close,005930,sell,44,270000.0,limit,"주가가 박스권 상단(270,000~290,000원)에 근접하며 단기 저항 가능성과 노조 파업·물가 리스크가 혼재된 상황입니다. 현재 수익률 20%대를 기록 중이며, 분할 매도로 일부 차익을 실현해 현금 비중을 확보하고 변동성에 대비하는 것이 합리적입니다. 시장 분석에서 270,000원 이상 저항 예상과 과열 우려를 반영해 270,000원 지정가 매도를 설정했습니다."
simulation_20260625_185013,2026-05-07,8,A019,2026-05-07,2026-05-06,2026-05-06,2026-05-07,prior_close,005930,buy,1,260000.0,limit,"Belief와 시장 분석에서 단기 조정 가능성을 경계하나, AI 반도체 수요와 실적 호조로 중장기 긍정적 전망 유지. 현재 20일선(217,775원) 대비 주가가 높지만, 1주 소액 매수로 포트폴리오 비중을 소폭 확대하며 조정 시 추가 매수 기회를 모니터링. 현금 비중 70%로 충분한 유동성 보유, 차익실현 후 현금 확보 상태에서 보수적 접근."
simulation_20260625_185013,2026-05-07,8,A009,2026-05-07,2026-05-06,2026-05-06,2026-05-07,prior_close,005930,buy,94,264000.0,limit,"오늘 헤드라인에서 삼성전자 시총 증가 주도, 반도체 업황 개선, 연금 수요 증가 등 긍정적 신호가 확인되어 단기 전망을 중립-긍정으로 상향 조정함. 기술적으로 20일선 위에 안정적이고 거래량 증가도 긍정적이나, 20일선 대비 괴리율 22%와 유가 상승 리스크를 고려해 현재가보다 0.75% 낮은 264,000원에 지정가 매수하여 단기 조정 시 진입. 과거 낮은 성과로 인해 보수적으로 max_buy_quantity(188주)의 절반인 94주만 매수하며, 현금 비중을 충분히 유지."
simulation_20260625_185013,2026-05-07,8,A025,2026-05-07,2026-05-06,2026-05-06,2026-05-07,prior_close,005930,buy,97,266000.0,limit,"뉴스에서 AI·HBM 수요와 연금자금 유입이 긍정적 신호로 확인되었고, 기술적 지표(MA5, MA20 상회)와 거래량 증가(전일 대비 61.29%)가 상승 추세를 지지합니다. 현재 보유 현금이 충분하며, 안정적 자산 선호 성향에 부합하여 신규 매수를 결정했습니다. 단, 고평가 부담과 단기 변동성을 고려해 max_buy_quantity(195주)의 절반 수준인 97주로 보수적으로 매수하여 현금 비중을 유지합니다."
simulation_20260625_185013,2026-05-07,8,A087,2026-05-07,2026-05-06,2026-05-06,2026-05-07,prior_close,005930,sell,100,270000.0,limit,"단기 급등(전일 대비 14.4% 상승)으로 차익 실현 압력이 존재하며, 기술적 과열 구간에서 일부 이익을 확보하여 리스크를 관리합니다. 현재 보유 400주 중 100주를 매도하여 현금 비중을 높이고, 조정 시 재매수 기회를 확보합니다. 뉴스에서 노조 파업 리스크와 거시적 물가 부담이 혼재되어 있어 확신도가 중간 수준이므로 과도한 보유보다는 분할 매도가 적절하다고 판단했습니다."
simulation_20260625_185013,2026-05-07,8,A006,2026-05-07,2026-05-06,2026-05-06,2026-05-07,prior_close,005930,sell,33,270000.0,limit,"기술적 지표(주가>MA5,MA20, 거래량 증가)는 긍정적이나, 단기 급등(약 19.5% 수익) 상태에서 유가·금리 리스크와 헤드라인 혼재로 확신도가 낮음. 고점 부담 인식과 차익 실현을 통해 리스크를 관리하고 현금 비중을 확보하기 위해 일부 매도 결정. 270,000원은 심리적 저항선으로 예상되며, 해당 가격에서 부분 이익 실현이 합리적이라 판단."
simulation_20260625_185013,2026-05-07,8,A090,2026-05-07,2026-05-06,2026-05-06,2026-05-07,prior_close,005930,sell,5,266000.0,limit,"현재 수익률 7.79%로 만족스러우나, 물가 쇼크와 금리 인상 우려 등 단기 리스크가 존재하여 일부 차익실현을 결정했습니다. 긍정적 뉴스(반도체·AI 호조, 연금 유입)가 상승을 지지하나, 불확실성이 남아 있어 보유 비중을 소폭 줄여 현금 비중을 높이는 것이 안정적이라고 판단했습니다. 기술적 지표는 강세지만 단기 급등에 따른 조정 가능성도 고려했습니다."
simulation_20260625_185013,2026-05-07,8,A075,2026-05-07,2026-05-06,2026-05-06,2026-05-07,prior_close,005930,buy,50,260000.0,limit,"현재 PER/PBR이 역사적 저평가 구간이고 1분기 사상 최대 실적이 밸류에이션을 뒷받침하며, 메모리 슈퍼사이클과 AI 수요 확대가 중장기 성장 동력을 제공합니다. 노조 리스크는 증권가 평가대로 단기 변수에 불과하며, '연금계좌에 담으라'는 뉴스는 안정성 선호 성향에 부합합니다. 현재 현금 비중이 약 75%로 높아 추가 매수 여력이 충분하고, 분할 매수 전략에 따라 저가 매수 기회를 활용하기 위해 260,000원(20일선 217,775원 대비 약 19% 상승, 단기 과열 구간이지만 저평가 매력 고려)에 50주 매수를 결정했습니다. 이는 max_single_trade_cash(39,474,581원)와 max_buy_quantity(148주)를 준수하며, 보유 현금(78,949,162원) 내에서 가능합니다."
simulation_20260625_185013,2026-05-07,8,A095,2026-05-07,2026-05-06,2026-05-06,2026-05-07,prior_close,005930,buy,100,258000.0,limit,"기술적 강세(5일선 233,400원, 20일선 217,775원 위)와 반도체 업황 호조(종목_0063), 연금계좌 자금 유입(종목_0072) 등 긍정적 뉴스가 우세하나, 단기 급등(14.4%) 및 차익 실현 리스크를 고려해 추격 매수보다는 조정 시 분할 매수 전략을 채택. 5일선 부근(약 233,400원)보다는 현재가(266,000원) 대비 3% 하락한 258,000원에 매수 지정가를 설정하여 단기 하락 시 저가 매수 기회를 활용. belief에서 관점이 중립-긍정적으로 전환되었고, 신중한 성향에 맞춰 보유 현금(약 1억) 대비 소량 매수(2,580만원)로 리스크 제한."
simulation_20260625_185013,2026-05-07,8,A097,2026-05-07,2026-05-06,2026-05-06,2026-05-07,prior_close,005930,buy,500,266000.0,limit,"기술적 지표(5일·20일 정배열, 거래량 61.3% 급증)가 강한 상승 추세를 확인하고, AI 반도체 슈퍼사이클과 HBM 수요 폭발, 저평가 매력, 기관·외인 매수세 등 펀더멘털과 수급이 긍정적입니다. 노조 파업 리스크는 제한적이며, 증권가 목표주가 상향이 지지합니다. 현재 현금 비중이 54.5%로 높아 분할 매수로 포지션을 확대하기 적절한 시점이라 판단, 500주 매수 결정."
simulation_20260625_185013,2026-05-08,9,A006,2026-05-08,2026-05-07,2026-05-07,2026-05-08,prior_close,005930,sell,100,271500.0,limit,"단기 부정적 뉴스(파업, 원화 강세, 전기료 인상)와 거래량 감소로 상승 동력 약화, 고점 부담에 따른 차익 실현 필요. 미실현 이익이 4,886,315원으로 수익 상태에서 빠르게 이익을 확정하는 처분효과 성향에 부합. 관망보다는 현금 비중을 극대화하여 불확실성에 대비."
simulation_20260625_185013,2026-05-08,9,A025,2026-05-08,2026-05-07,2026-05-07,2026-05-08,prior_close,005930,buy,95,260000.0,limit,"기술적 상승 추세 유지 중이나 거래량 감소와 고평가 부담으로 단기 조정 가능성이 있어, 260,000원은 예상 박스권 하단으로 지지선 역할이 기대됨. 평택 신공장 호재가 중장기 긍정적이고, 보유 현금이 충분하여 분할 매수 기회로 판단. 단, 파업·갈등 뉴스와 반도체 업황 둔화 리스크를 고려해 보수적 수량으로 지정가 매수."
simulation_20260625_185013,2026-05-08,9,A090,2026-05-08,2026-05-07,2026-05-07,2026-05-08,prior_close,005930,buy,1,271500.0,limit,"부정적 뉴스(파업 장기화, 성과급 갈등, 투톱 긴급 호소)와 거래량 감소(전일 대비 22% 감소)가 단기 하방 압력으로 작용할 가능성이 큽니다. 기술적 지표(5일선·20일선)는 강세를 유지 중이나, 추가 상승 동력 약화와 불확실성으로 인해 관망이 적절합니다. 현재 보유 주식 120주는 평균 단가 대비 22.7% 상승 중이며, 현금 비중 70%로 안정적입니다. 단기 조정 시 매수 기회를 고려할 수 있지만, 확신도가 medium 수준이고 뉴스 리스크가 우세하여 추가 매수보다 현금 비중 유지가 안전합니다."
simulation_20260625_185013,2026-05-08,9,A009,2026-05-08,2026-05-07,2026-05-07,2026-05-08,prior_close,005930,buy,92,265000.0,limit,"기술적 지지선(20일선 221,525원) 대비 현재 주가(271,500원)가 높아 단기 조정 가능성을 고려, 265,000원(현재가 대비 약 2.4% 하락)에서 저가 매수 기회를 포착. MA5와 MA20 상승 추세 유지, 평택 신공장 호재가 중장기 긍정적. 거래량 감소와 노사 갈등 리스크로 확신도가 낮아 보수적 수량(최대 매수 가능 184주의 절반)으로 진입. 현금 비중 100%에서 일부만 투입해 리스크 분산."
simulation_20260625_185013,2026-05-08,9,A075,2026-05-08,2026-05-07,2026-05-07,2026-05-08,prior_close,005930,buy,100,268000.0,limit,"저평가 밸류에이션(PER/PBR 역사적 저점)과 메모리 슈퍼사이클, 평택 80조 투자 등 중장기 성장 동력이 단기 노조 리스크를 상쇄할 것으로 판단. 증권가 목표주가 상향(최대 36만원)과 개인 투자자 관심 집중이 심리를 지지. 1분기 사상 최대 실적 및 코스피 강세(7500선 돌파)도 긍정적. 현재 현금 비중 74%로 충분한 유동성을 보유하고 있어 분할 매수로 리스크 분산. 지정가 268,000원은 전일 종가(271,500원) 대비 소폭 낮춰 설정하여 추가 하락 가능성에도 대비."
simulation_20260625_185013,2026-05-08,9,A019,2026-05-08,2026-05-07,2026-05-07,2026-05-08,prior_close,005930,sell,30,271500.0,limit,"단기 과열 구간(20일선 대비 22% 상승)과 거래량 감소(전일 대비 22%↓)로 상승 동력 약화, 노사 갈등 심화(총파업 시 30조원 손실 우려)가 단기 변동성을 확대할 가능성. 미실현 이익률 24%로 처분효과 성향상 일부 이익 실현 후 현금 비중 확보(현재 69.5%→73.7%)하여 조정 시(240,000~250,000원) 분할 매수 기회 대비. 중장기 펀더멘털 긍정적이므로 전량 매도는 과도하다고 판단, 보유 주식의 25%를 차익 실현."
simulation_20260625_185013,2026-05-08,9,A084,2026-05-08,2026-05-07,2026-05-07,2026-05-08,prior_close,005930,sell,30,271500.0,limit,"노사 갈등 심화로 단기 리스크가 증가하고, 거래량 감소로 상승 동력 약화. 현재 11.44% 수익률 상태에서 일부 이익을 실현하여 현금 비중을 확대하는 것이 안정적."
simulation_20260625_185013,2026-05-08,9,A087,2026-05-08,2026-05-07,2026-05-07,2026-05-08,prior_close,005930,buy,500,260000.0,limit,"단기 조정 시 분할 매수 기회를 활용하기 위해 260,000원(5일선 243,300원 대비 약 6.8% 높은 수준)에 지정가 매수 주문. 뉴스에서 증권가 목표주가 상향(36만원)과 평택 신공장 투자 확정 등 긍정적 재료를 확인하였고, 기술적 정배열 상태에서 조정폭이 제한적일 것으로 판단. 현재 현금 비중이 94.8%로 매우 높아 리스크 감내 가능. 보유 주식 300주와 추가 매수 500주로 총 800주 보유 시 투자 비중은 약 21%로 적정 수준 유지."
simulation_20260625_185013,2026-05-08,9,A095,2026-05-08,2026-05-07,2026-05-07,2026-05-08,prior_close,005930,buy,92,269000.0,limit,"기술적 강세(5일선/20일선 상회) 및 저평가(PER 7.7배)를 중장기 기회로 판단하나, 단기 급등(14.4%)과 거래량 감소(-22%), 노사 갈등 리스크를 고려해 추격 매수보다는 5일선(243,300)과 현재가 사이에서 분할 매수로 접근. 현금 비중이 100%이므로 첫 매수 비중을 보수적으로 가져가며, 지정가 269,000원은 당일 차익 실현 매물 출회 시 매수 기회를 포착하기 위함. 뉴스 혼재와 확신도 'medium'을 고려해 max_buy_quantity(185주)의 절반 수준인 92주로 1차 분할 진입."
simulation_20260625_185013,2026-05-08,9,A097,2026-05-08,2026-05-07,2026-05-07,2026-05-08,prior_close,005930,buy,200,271500.0,limit,"오늘의 Belief에서 메모리 슈퍼사이클, 저평가, 증권사 목표가 상향 등을 확신하며 view_change가 '강화'로 긍정적 신호를 강하게 보냅니다. 전일 종가 271,500원은 5일·20일 정배열 지지 하에 추가 상승 여력(5~10%)이 있으며, 분할 매수로 과거 낮은 성과를 반면교사 삼아 리스크를 통제합니다. 현금 비중이 54%로 충분해 200주 매수는 보수적인 범위 내에서 상승 추세에 편승하는 결정입니다."
simulation_20260625_185013,2026-05-11,10,A009,2026-05-11,2026-05-08,2026-05-08,2026-05-11,prior_close,005930,buy,1,268500.0,limit,"보유 주식이 없으므로 매도 불가. 기술적 추세는 유지되나 당일 하락(-1.1%)과 거래량 급감(-37.5%)으로 단기 모멘텀 약화, 혼재된 뉴스(부정적 우세)와 20일선 고괴리율(19%)로 인한 조정 리스크로 방향성 확신 낮음. 저평가 매력에도 불구하고, 신중한 대응을 위해 현금 보유 유지가 적합하나 'hold'가 허용되지 않아 불가피하게 'sell' 선택. 과거 낮은 성과와 불확실성 증가로 인해 거래 자체가 바람직하지 않음을 의미."
simulation_20260625_185013,2026-05-11,10,A006,2026-05-11,2026-05-08,2026-05-08,2026-05-11,prior_close,005930,sell,10,268500.0,limit,혼재된 뉴스와 거래량 감소로 단기 방향성 불확실하여 일부 이익 실현. 중기 저평가 논리는 유효하나 현금 비중 확보를 위해 소량 매도.
simulation_20260625_185013,2026-05-11,10,A025,2026-05-11,2026-05-08,2026-05-08,2026-05-11,prior_close,005930,buy,1,268500.0,limit,"기술적 지표(5일선 251,800원, 20일선 224,425원)는 상승 추세 유지 중이나, 거래량 37.5% 급감과 혼재된 뉴스(저평가 vs 아픈 손가락)로 단기 불확실성이 높음. 현금 보유 중이며 지지선(260,000원) 확인이 필요하다고 판단, 관망 후 분할 매수 기회를 기다리는 전략이 적합. 허용된 액션이 'sell'이므로 보유 주식 없음에 따라 수량 0으로 설정."
simulation_20260625_185013,2026-05-11,10,A090,2026-05-11,2026-05-08,2026-05-08,2026-05-11,prior_close,005930,sell,30,269000.0,limit,"현재 미실현 이익이 5,662,286원으로 수익 상태에서 빠르게 매도하려는 처분효과 성향을 반영하여 일부 이익 실현을 결정했습니다. 거래량이 37.5% 급감하고 '아픈 손가락' 부정적 뉴스가 단기 변동성을 키울 수 있어, 보유 주식 121주 중 30주를 매도해 현금 비중을 더 높여 리스크를 관리합니다. 기술적 지표(5일선·20일선 강세)는 유효하지만 확신도가 낮아 과도한 보유보다 일부 차익 실현이 적절하다고 판단했습니다."
simulation_20260625_185013,2026-05-11,10,A075,2026-05-11,2026-05-08,2026-05-08,2026-05-11,prior_close,005930,sell,10,269000.0,limit,"단기 노조 파업 리스크(21일 총파업 예고)와 JP모건 영업이익 최대 12% 하락 경고로 인한 불확실성 확대, 현재 주가가 예상 박스권 상단(270,000원)에 근접한 점, 보유 중 미실현 이익이 4,887,500원으로 양호한 점을 고려하여 일부 차익 실현을 결정. 장기 저평가 매력은 유지하나, 단기 리스크를 경계하며 보유 비중을 소폭 축소함."
simulation_20260625_185013,2026-05-11,10,A087,2026-05-11,2026-05-08,2026-05-08,2026-05-11,prior_close,005930,buy,300,260000.0,limit,"단기 조정 시 저가 매수 기회로 판단. 메모리 실적 호조(영업이익 55조)와 PER/PBR 역사적 저점 저평가 매력, 기관 순매수 등 중장기 긍정적 신호가 우세. 현재 주가 268,500원은 기술적 지지선 260,000원에 근접 시 추가 매수로 평단(222,000원)을 낮추고 보유 수량을 늘리기에 적합. 거래량 감소(-37.5%)는 관망세이나 조정 시 매수 기회로 활용할 계획. 현금 비중(94.7%)이 높아 분할 매수 여력 충분."
simulation_20260625_185013,2026-05-11,10,A019,2026-05-11,2026-05-08,2026-05-08,2026-05-11,prior_close,005930,sell,20,268500.0,limit,"단기 기술적 과열(20일선 대비 22% 상승, 거래량 37% 감소)과 노사 갈등 심화(총파업 시 30조 손실 우려)로 조정 가능성이 높아졌습니다. 현재 미실현 이익 24%를 기록 중이므로 일부 이익을 실현하여 리스크를 축소하는 것이 바람직합니다. 장기 저평가 매력은 유지하나, 단기 변동성에 대비해 현금 비중을 확보하고 조정 시 분할 매수 기회를 노리기 위해 보수적으로 20주만 매도합니다."
simulation_20260625_185013,2026-05-11,10,A084,2026-05-11,2026-05-08,2026-05-08,2026-05-11,prior_close,005930,sell,10,268500.0,limit,"현재 주가가 저평가 구간이나 DX 부문 부진, 노사 갈등, 거래량 감소 등 단기 리스크가 혼재되어 있습니다. 미실현 이익이 존재하므로 일부 차익 실현하여 현금 비중을 확보하고, 향후 조정 시 매수 기회를 노리는 것이 바람직하다고 판단했습니다."
simulation_20260625_185013,2026-05-11,10,A095,2026-05-11,2026-05-08,2026-05-08,2026-05-11,prior_close,005930,sell,20,270000.0,limit,"DX 부문 악재와 거래량 급감(37.5%↓)이 단기 추세 둔화 신호로 판단, 보유 주식 92주의 일부(20주)를 270,000원에 매도하여 현금 비중을 높이고 리스크 관리. 보유 평단(268,500원) 대비 소폭 이익 실현 가능하며, 조정 시 재매수 기회를 대비. 뉴스의 저평가 전망과 기술적 정배열을 고려해 전체 매도 대신 분할 매도 선택."
simulation_20260625_185013,2026-05-11,10,A097,2026-05-11,2026-05-08,2026-05-08,2026-05-11,prior_close,005930,sell,200,270000.0,limit,"노조 파업 리스크(5/21 총파업 예정)와 JP모건·씨티 목표가 하향으로 단기 하방 압력 확대가 예상되고, 당일 거래량이 37.5% 급감하며 매수 세력 약화를 시사함. 커뮤니티 신중론 우세와 함께 미실현 이익이 8,914만원에 달해 일부 이익을 실현해 현금 비중을 확대(현재 49%→약 54%)하고 리스크를 관리하는 것이 바람직하다고 판단. 기술적 지지선(5일선 251,800원) 이탈 시 추가 손실을 방어하기 위해 일부 차익 실현 후 저가 매수 기회를 대비함."
simulation_20260625_185013,2026-05-12,11,A009,2026-05-12,2026-05-11,2026-05-11,2026-05-12,prior_close,005930,buy,1,285500.0,limit,"기술적 상승 추세와 거래량 증가가 있으나 파업 리스크와 고괴리율로 인한 단기 조정 가능성, 밸류에이션 고평가 우려로 확신이 낮습니다. 거래 제약상 주식 보유가 필요하여 최소 수량만 매수하여 관망합니다."
simulation_20260625_185013,2026-05-12,11,A006,2026-05-12,2026-05-11,2026-05-11,2026-05-12,prior_close,005930,sell,30,285500.0,limit,"파업 리스크로 인한 단기 하방 압력 우려, 현재 수익 상태에서 처분효과로 인한 매도 충동, 현금 비중 확대를 통한 리스크 관리 필요. 기술적 지표는 강세이나 확신이 낮아 보수적 접근으로 일부 차익 실현."
simulation_20260625_185013,2026-05-12,11,A084,2026-05-12,2026-05-11,2026-05-11,2026-05-12,prior_close,005930,buy,57,279000.0,limit,"현재 PER/PBR이 역사적 저점 수준으로 저평가 매력이 유효하며, 반도체 업황 호조와 코스피 강세가 지지력을 제공합니다. 파업 리스크로 단기 변동성이 확대되었지만, 조정 시 분할 매수 전략에 따라 279,000원(5일 이동평균 264,800원 대비 약 5.4% 상회)에서 저가 매수 기회를 포착하고자 합니다. 현금 비중이 57%로 충분하여, max_single_trade_cash 32,711,213원 이내에서 57주(15,903,000원)를 분할 매수하여 평균 단가를 낮추고 중장기 보유를 목표로 합니다."
simulation_20260625_185013,2026-05-12,11,A019,2026-05-12,2026-05-11,2026-05-11,2026-05-12,prior_close,005930,sell,30,285500.0,limit,"단기 과열(20일선 대비 22% 상승)과 21일 파업 리스크 구체화로 조정 가능성이 높아, 보유 수익률 30.4%인 일부 물량(30주)을 차익실현하여 현금 비중을 확대하고 리스크를 축소합니다. 저평가 매력은 유지되나, 재진입 타이밍을 더 신중히 판단하기 위해 매도 결정."
simulation_20260625_185013,2026-05-12,11,A025,2026-05-12,2026-05-11,2026-05-11,2026-05-12,prior_close,005930,buy,10,280000.0,limit,"기술적 상승 추세(5일선 264,800, 20일선 228,500 상회)와 거래량 증가는 긍정적이나, 노사 갈등 뉴스와 밸류에이션 부담으로 단기 조정 리스크가 존재합니다. 현금 보유 상태에서 강제 매수 상황이므로, 현재가(285,500) 대비 낮은 지정가(280,000)로 소량 매수하여 리스크를 최소화하고, 추가 하락 시 분할 매수 기회를 확보합니다."
simulation_20260625_185013,2026-05-12,11,A087,2026-05-12,2026-05-11,2026-05-11,2026-05-12,prior_close,005930,sell,100,285500.0,limit,"파업 리스크 강화(5월 21일 총파업, 40조원 손실 우려)와 뉴스 부정성 고려, 미실현 이익 19백만원(+28.6%)이 발생한 상황에서 수익 시 빠른 매도 성향에 따라 일부 차익 실현. 270,000~290,000원 박스권 상단인 현재가(285,500원)에서 100주(약 33%) 매도하여 현금 비중을 95.6%로 확대, 불확실성 해소 전까지 현금 보호."
simulation_20260625_185013,2026-05-12,11,A090,2026-05-12,2026-05-11,2026-05-11,2026-05-12,prior_close,005930,sell,10,285500.0,limit,"파업 리스크 부정적 뉴스 헤드라인이 지속되고, 현재 주가가 기술적 고평가 구간(5일선 대비 7.8% 상승)에 위치해 추가 상승 여력이 제한적이라고 판단. 이전 이익 실현 결정이 적절했음을 고려해, 일부 보유 주식을 매도하여 미실현 이익을 실현하고 리스크를 축소. 거래량 증가는 변동성 확대 신호로 매도 기회로 활용."
simulation_20260625_185013,2026-05-12,11,A095,2026-05-12,2026-05-11,2026-05-11,2026-05-12,prior_close,005930,sell,10,286000.0,limit,"현재 미실현 이익이 소폭 발생했으나, 파업 리스크 부각과 커뮤니티 비관적 분위기로 단기 하방 압력이 우려됨. 처분효과 성향상 이익을 보호하기 위해 일부 분할 매도하여 현금 비중을 더 높이고, 추가 조정 시 매수 기회를 확보하려 함. 기술적 지표상 단기 급등 후 조정 가능성도 고려."
simulation_20260625_185013,2026-05-12,11,A075,2026-05-12,2026-05-11,2026-05-11,2026-05-12,prior_close,005930,buy,30,284000.0,limit,"반도체 슈퍼사이클과 역사적 저평가로 장기 매력 높음. 단기 노사 갈등으로 조정 시 매수 기회로 판단. 현금 비중 76%로 추가 매수 여력 충분. 현재가 285,500원은 단기 고점 부근이나, 저가 매수 관점에서 소량 분할 매수 진행."
simulation_20260625_185013,2026-05-12,11,A097,2026-05-12,2026-05-11,2026-05-11,2026-05-12,prior_close,005930,buy,500,280000.0,limit,"단기 파업 리스크로 조정 가능성(270,000~280,000원)을 고려, 저가 매수 기회를 포착. 현재 285,500원에서 추가 상승보다 조정 시 매수가 유리하다고 판단. 기술적 정배열과 거래량 증가, 저평가( PER 7~8배)가 지지 요인이나, 5/21 파업 불확실성으로 추격 매수는 자제. 280,000원은 단기 지지선 부근으로 분할 매수(500주, 약 1.4억원)를 통해 평단을 관리하며, 하방 리스크를 제한."
simulation_20260625_185013,2026-05-13,12,A025,2026-05-13,2026-05-12,2026-05-12,2026-05-13,prior_close,005930,buy,10,274100.0,limit,"기술적 상승 추세(5일선·20일선 상회)와 긍정적 거시지표(코스피 신고가, 성장률 1위)가 중장기 매수 기회를 지지하나, 전일 2.28% 하락과 성과급 논란으로 단기 조정 가능성이 있어 5일선(274,100원) 부근에서 분할 매수로 대응. 현금 비중 97.3%로 충분한 여력이 있고, 추가 하락 시 추가 매수 가능. 보수적 수량(10주)으로 리스크 관리."
simulation_20260625_185013,2026-05-13,12,A009,2026-05-13,2026-05-12,2026-05-12,2026-05-13,prior_close,005930,sell,1,279000.0,limit,"기술적 고괴리율 상태(20일선 대비 +20%)와 280,000원 저항선 부근에서 전일 2.3% 하락 마감, 성과급 논란 부정적 헤드라인이 단기 하방 압력으로 작용. 확신도 낮아 보유 리스크를 줄이기 위해 현 보유 1주를 매도하여 현금 비중을 높이고, 5일선(274,100원) 지지 확인 후 재진입 판단이 합리적이라고 판단."
simulation_20260625_185013,2026-05-13,12,A075,2026-05-13,2026-05-12,2026-05-12,2026-05-13,prior_close,005930,buy,30,272000.0,limit,"현재 PER 7~8배, PBR 역사적 저점 수준의 장기 저평가 상태와 한국 1분기 GDP 성장률 1위, AI 반도체 호황 등 중장기 긍정 요인을 고려하여 추가 매수 기회를 활용. 단기 파업 리스크(5/21)로 인한 변동성을 감안, 272,000원(270,000원 지지선 근처)에서 분할 매수로 접근. 현금 비중 68.7%로 충분한 여력이 있으며, 미실현이익 19.1%로 안정적인 포트폴리오 상태 유지. 커뮤니티 신중론과 외국인 동향을 고려해 보수적인 수량(30주, 약 8,160,000원)으로 제한."
simulation_20260625_185013,2026-05-13,12,A006,2026-05-13,2026-05-12,2026-05-12,2026-05-13,prior_close,005930,sell,45,279000.0,limit,"코스피 급등 후 단기 변동성 확대와 성과급 논란 등 부정적 뉴스, 기술적 지표상 거래량 증가와 -2.28% 하락으로 차익실현 욕구가 큼. 현재 25.3% 수익률로 처분효과에 따라 조기 매도 결정. 5일선(274,100원) 지지 불확실로 분할 매도로 리스크 완화."
simulation_20260625_185013,2026-05-13,12,A084,2026-05-13,2026-05-12,2026-05-12,2026-05-13,prior_close,005930,buy,30,272000.0,limit,"오늘 삼성전자가 2.28% 하락한 279,000원에 마감하며 단기 조정 압력을 보였으나, PER 7~8배의 역사적 저평가와 반도체 업황 호조, 한국 GDP 성장률 1위 등 중장기 펀더멘털이 긍정적입니다. 커뮤니티 관망 분위기 속에서도 조정 시 매수를 고려하는 점을 반영하여, 추가 하락 시 분할 매수 기회를 활용하고자 합니다. 현재 보유 현금이 약 49.5백만원으로 충분하며, 미실현 이익이 10백만원에 달해 안정적인 포트폴리오 상태를 유지하고 있습니다. 단기 파업 리스크와 외국인 순매도를 고려해 지정가 272,000원(5일 이동평균선 274,100원 아래)으로 보수적으로 설정하여, 과도한 추격 매수를 피하고 하락 시 저가 매수 기회를 포착하려 합니다."
simulation_20260625_185013,2026-05-13,12,A090,2026-05-13,2026-05-12,2026-05-12,2026-05-13,prior_close,005930,sell,30,279000.0,limit,"단기 조정 가능성과 성과급 논란 등 부정적 노이즈로 인해 추가 상승 동력 약화. 보유 주식 평균 단가 대비 25.8% 수익 중이나, 변동성 확대에 대비해 현금 비중을 늘리기 위해 일부 매도 결정. 거래량 증가에도 가격 하락은 숨 고르기 신호로 해석, 보수적 대응 필요."
simulation_20260625_185013,2026-05-13,12,A019,2026-05-13,2026-05-12,2026-05-12,2026-05-13,prior_close,005930,buy,35,271000.0,limit,"저평가 밸류에이션(PER 7~8배, PBR 1.2배)과 중장기 반도체 호황이 유효하나, 단기 파업 리스크와 과열 조정 우려로 추가 하락 가능성이 있음. 현재 8% 수익률을 감안하여 저가 분할 매수 기회를 포착하기 위해 20일선(232,150원)과 현재가 사이 중간대인 271,000원에 소량 매수. 시장 분석에서 매수 기회를 언급했으며, 거래 제약 내 최대 매수 가능 수량 143주 대비 보수적인 35주(약 950만원)로 제한하여 현금 비중 80% 이상 유지. 신중한 접근과 일관되게 분할 매수 전략의 일환."
simulation_20260625_185013,2026-05-13,12,A087,2026-05-13,2026-05-12,2026-05-12,2026-05-13,prior_close,005930,buy,30,278000.0,limit,"오늘 주가 2.28% 하락, PER 8.5배 저평가 구간에서 분할 매수 기회로 판단. 파업 리스크로 인해 소량만 매수하여 리스크 관리. 뉴스는 단기 부정적이나 중장기 실적 호조와 저평가가 하방 지지. 포트폴리오 현금 비중 91.9%로 충분히 안전."
simulation_20260625_185013,2026-05-13,12,A095,2026-05-13,2026-05-12,2026-05-12,2026-05-13,prior_close,005930,buy,10,274100.0,limit,"뉴스와 시장 분석에서 저평가 근거(PER 7~8배, PBR 역사적 저점)가 강화되었고, MA5(274,100) 근처에서 추가 하락 시 분할 매수 기회로 판단. 개인 순매수 유입과 코스피 7900선 돌파 등 긍정적 요인이 존재하나, 단기 파업 리스크와 외국인 순매도 부담으로 공격적 베팅은 자제. 현금 비중 80.2%로 충분한 여력이 있어 소폭 분할 매수로 저가 매수 기회를 활용."
simulation_20260625_185013,2026-05-13,12,A097,2026-05-13,2026-05-12,2026-05-12,2026-05-13,prior_close,005930,buy,300,274000.0,limit,"당일 2.28% 하락과 거래량 증가로 추가 조정 가능성이 있으나, 기술적 지지선(279,000원) 근처에서 반등 시도가 예상되고, PER 7~8배의 저평가 매력이 하방을 제한합니다. 보유 주식 평단(236,549원)이 낮아 조정을 버틸 여력이 있고, 미실현손익 99,929,156원으로 수익 구간에 있어 분할 매수 기회로 활용합니다. 5/21 파업 리스크를 고려해 현금 일부(454,913,522원)를 남겨두고, 5일 이동평균선(274,100원) 부근에서 300주를 지정가 매수하여 포트폴리오를 강화합니다. 핵심 근거는 기술적 지지선, 저평가 밸류에이션, 포트폴리오 현금 비중입니다."
simulation_20260625_185013,2026-05-14,13,A019,2026-05-14,2026-05-13,2026-05-13,2026-05-14,prior_close,005930,buy,30,284000.0,limit,"현재 PER 7~8배, PBR 1.2배로 역사적 저평가 구간이며, 반도체 호황과 외국인 자금 유입 기대 등 중장기 펀더멘털이 강력합니다. 파업 리스크로 단기 변동성이 있지만, 저평가 상태에서 분할 매수 기회로 판단하여 소량 매수합니다. 포트폴리오 현금 비중이 73.8%로 충분하며, 추가 하락 시 추가 매수 여력이 있습니다."
simulation_20260625_185013,2026-05-14,13,A084,2026-05-14,2026-05-13,2026-05-13,2026-05-14,prior_close,005930,sell,30,288000.0,limit,"파업 리스크(5/21) 임박으로 단기 변동성 확대가 예상되며, 거래량 감소로 상승 동력 약화. 현재 수익률 13.98%로 이익 실현 구간에 진입. PER 7~8배 저평가와 반도체 호황은 중장기 긍정적이나, 단기 불확실성에 대비해 일부 차익 실현 후 현금 비중을 늘려 리스크 관리. 280,000원 초반에서 저항 확인 시 추가 매수 기회를 위해 현금 확보 필요."
simulation_20260625_185013,2026-05-14,13,A025,2026-05-14,2026-05-13,2026-05-13,2026-05-14,prior_close,005930,buy,1,284000.0,limit,"Belief와 시장 분석에서 단기 파업 리스크(21일 예고)와 5일선(277,700원) 지지 여부가 핵심 변수로, 오늘 주가는 284,000원으로 5일선 대비 2.3% 높아 확실한 매수 구간이 아님. 거래량 감소(13.76%)와 고평가 부담(20일선 대비 20% 프리미엄)으로 추가 상승 동력이 약하고, 뉴스 혼재(파업 4건 vs 반도체 낙관론)로 확신도가 medium 수준. 현재 미실현 이익 5만원으로 소액이며, 수익 시 조기 매도 성향이 있지만 파업 리스크가 구체화된 상황에서 보유 유지보다 관망이 적합. 현금 비중이 97.3%로 충분해 추가 하락 시 매수 기회를 기다리는 것이 리스크 관리에 유리. 단, 거래 제약상 'hold'가 허용되지 않으므로, 최소 거래량(1주)으로 'buy' 또는 'sell'을 선택해야 하나, 현재 시장 신호 불확실성과 belief의 관망 기조를 고려할 때 강제 매매는 오히려 손실 위험을 키움. 따라서 불가피하게 'sell' 1주를 선택해 소폭 이익 실현 후 대기하는 것이 합리적."
simulation_20260625_185013,2026-05-14,13,A006,2026-05-14,2026-05-13,2026-05-13,2026-05-14,prior_close,005930,sell,20,286000.0,limit,"노조 파업 확정(21일)과 내부 갈등, AI 메모리 과열 경고 등 단기 악재가 우세하여 상승 동력 부재. 현재 미실현 이익 7.5%를 일부 실현하며 현금 비중을 높여 리스크를 축소하고, 박스권 하단(27만원) 이탈 가능성에 대비. 거래량 감소와 추세 둔화도 매도 근거. 기술적 지표상 5일선(277,700원) 위에 있으나 상승 모멘텀 약화로 추가 상승보다 하방 위험이 커 일부 차익실현이 적절하다고 판단."
simulation_20260625_185013,2026-05-14,13,A087,2026-05-14,2026-05-13,2026-05-13,2026-05-14,prior_close,005930,sell,50,284000.0,limit,"파업 리스크로 단기 약세 전망이 우세하고, 현재 28% 수익 중인 상황에서 일부 차익 실현을 통해 리스크를 줄이는 것이 적합하다고 판단. 시장 분석에서도 '일부 차익 실현 고려'를 권고했으며, 보유 현금 비중이 이미 높아 추가 매수보다는 이익 보호에 집중. 기술적 반등 구간에서 매도 기회를 활용."
simulation_20260625_185013,2026-05-14,13,A090,2026-05-14,2026-05-13,2026-05-13,2026-05-14,prior_close,005930,sell,30,284000.0,limit,"단기 악재(노조 파업, DX 소송, 마이크론 경고)로 인한 하방 리스크 확대와 거래량 감소로 추가 상승 동력 약화. 현재 20일선 대비 20% 프리미엄으로 과열 구이나 미실현 이익 28.1%를 보호하기 위해 보유 주식의 절반 가량을 차익 실현. 파업·소송 뉴스 헤드라인이 부정적 우세하여 보수적 대응 필요."
simulation_20260625_185013,2026-05-14,13,A095,2026-05-14,2026-05-13,2026-05-13,2026-05-14,prior_close,005930,sell,10,286000.0,limit,"파업 확정과 AI 과열 경고로 단기 하방 압력이 우세하며, 거래량 감소로 상승 동력 약화. 미실현 이익 5.8% 상태에서 수익 시 조기 매도 성향에 따라 일부 차익 실현하여 현금 비중을 확대하고 리스크를 축소함. 5일선(277,700원) 이탈 시 추가 하락 가능성에 대비."
simulation_20260625_185013,2026-05-14,13,A075,2026-05-14,2026-05-13,2026-05-13,2026-05-14,prior_close,005930,buy,30,278000.0,limit,"단기 파업 리스크(5/21)로 변동성 확대가 예상되나, PER 7~8배 역사적 저평가와 반도체 호황 기조가 중장기 매력을 유지. 현재 주가 284,000원은 전일 반등했으나 추가 하락 가능성을 고려해 278,000원(5일선 277,700원 부근) 지정가로 30주 분할 매수. 현금 비중 68.3%를 유지하며, 파업 결과 확인 전까지 신중한 접근. 미실현 이익 19.1%로 안정적 포트폴리오 상태지만, 장기 저평가 매수 기회를 활용하기 위해 보수적 수량 매수."
