run_id,date,turn,subturn,agent_id,decision_date,market_features_date,news_start_date,news_start_time,news_max_date,news_end_time,execution_date,information_mode,news_depth,selected_news_count,read_news_count,search_read_count,fake_exposed,fake_base_count,fake_read_count,fake_search_count,fake_selected_count,fake_public_ids,fake_synthetic_ids,fake_related_events,depth2_search_keywords,depth2_search_result_count,depth2_view_change,news_sentiment,action,quantity,submitted_order,belief_summary,view_change,decision_reason,risk_control,order_corrections
simulation_20260714_233819_066906_14881,2026-02-27,1,am,A002,2026-02-27,2026-02-26,2026-02-26,15:30,2026-02-27,08:59,2026-02-27,pre_close_cutoff,0,5,0,0,False,0,0,0,0,,,[],,,,mixed,buy,238,True,"주가 괴리 현상과 저평가 평가를 통해 매수 기회를 탐색하나, 경쟁사 및 규제 리스크로 인해 신중하게 접근할 것임. 초기 진입이므로 신중함 유지.",중립에서 저평가 기회로 인식 전환. SK 하이닉스 뉴스에 대한 불안감을 가치평가 지표로 상쇄하려는 시도. 초기 진입이므로 신중함 유지.,주가 하락으로 인한 저평가 기회이며 MA20 지지선 상회로 기술적 안전성 확보. 초기 진입이므로 현금 50% 한도 내에서 집중 투자하여 기회 포착.,단일 종목 집중 성향으로 인해 현금 50% 이내로 제한하여 유동성 확보 및 변동성 리스크 관리.,
simulation_20260714_233819_066906_14881,2026-02-27,1,am,A004,2026-02-27,2026-02-26,2026-02-26,15:30,2026-02-27,08:59,2026-02-27,pre_close_cutoff,1,4,10,0,False,0,0,0,0,,,[],,,,mixed,buy,200,True,"반도체 업황 호조와 기관 매수세로 중장기 상승 흐름은 유효하나, 단기 조정 시 기술적 지지 확인이 필요함.",중립에서 '상승 추세 유지'로 전환. 기술적 지표와 뉴스 호재가 확인됨.,"반도체 업황 호조와 기관 매수세로 중장기 상승 흐름 유효하나, 단기 조정 시 기술적 지지 확인이 필요함. 집중 투자 성향으로 상당량 매수하되, 조정 시 추가 매수 여력 확보.",단일 종목 집중 리스크 관리. 조정 시 추가 매수를 위한 현금 여력 유지. MA5 지지선 이탈 시 손절 고려.,
simulation_20260714_233819_066906_14881,2026-02-27,1,am,A003,2026-02-27,2026-02-26,2026-02-26,15:30,2026-02-27,08:59,2026-02-27,pre_close_cutoff,1,4,10,0,False,0,0,0,0,,,[],,,,positive,buy,238,True,"국민연금 매도 유예와 정부 지원으로 안전성이 확보된 만큼, 반도체 사이클 회복을 믿고 매수 진입을 고려한다. 밸류에이션은 적정 수준으로 판단.",중립적 관점에서 긍정적 관점으로 전환. 국민연금 매도 유예와 정부 지원 뉴스가 리스크를 낮추고 투자 신뢰도를 높였기 때문. 초기 진입 시점임을 고려하여 신중함 유지. 정보 분석 결과 반영. 변화 명확. 신뢰도 높음. 투자 전략 수정. 완료.,"국민연금 매도 유예와 정부 지원으로 안전성이 확보되었으며, 반도체 사이클 회복과 AI 수요로 우상향 전망. 첫 투자이므로 분할 매수 원칙에 따라 현금의 50% 한도 내에서 집중 투자 성향을 반영하여 진입.",잔여 현금으로 추가 매수 또는 손절 대응 여력 확보. 밸류에이션 과열 및 실물경제 괴리 리스크 모니터링.,
simulation_20260714_233819_066906_14881,2026-02-27,1,am,A005,2026-02-27,2026-02-26,2026-02-26,15:30,2026-02-27,08:59,2026-02-27,pre_close_cutoff,1,5,10,0,False,0,0,0,0,,,[],,,,positive,buy,238,True,"삼성전자의 펀더멘털은 견고하며, 오늘 시가 하락은 저가 매수 기회로 판단. 정부 지원과 AI 수요를 믿고 매수 관점 유지.","중립에서 긍정적 관점으로 전환. 초기에는 관망이었으나, 정부 지원과 기관 매수 유예 등 확실한 하방 지지 요인이 확인되어 매수 관점으로 변경.","오늘 시가 하락 (210,000 원) 은 내재가치 대비 저평가 구간으로 판단되며, AI 수요와 정부 지원 등 펀더멘털이 견고하여 가치 투자 관점에서 매수 기회로 보임.","단일 종목 집중 투자 성향이 있으나, 리스크 관리를 위해 현금의 50% 한도 내에서 매수하여 추가 변동성 대비 여력 확보.",
simulation_20260714_233819_066906_14881,2026-02-27,1,am,A001,2026-02-27,2026-02-26,2026-02-26,15:30,2026-02-27,08:59,2026-02-27,pre_close_cutoff,1,0,10,0,False,0,0,0,0,,,[],,,,neutral,buy,238,True,삼성전자의 펀더멘털은 견고하나 단기 변동성 존재. 저평가 구간에서 가치 투자 원칙에 따라 매수 관점 유지.,중립에서 긍정적 관점으로 전환. 정부 지원 및 AI 수요 확대로 인해 내재가치 판단이 강화됨.,"21 만 원대는 내재가치 대비 저평가 구간으로 판단되며, AI 수요와 정부 지원이 하방을 지지합니다. 가치 투자 원칙에 따라 현금의 50% 한도 내에서 매수합니다.","단일 종목 집중 투자 리스크를 인지하여 현금 50% 이상 보유하며, 감정적 손절 방지를 위해 뉴스 근거를 중시합니다.",
simulation_20260714_233819_066906_14881,2026-02-27,1,am,A006,2026-02-27,2026-02-26,2026-02-26,15:30,2026-02-27,08:59,2026-02-27,pre_close_cutoff,1,4,10,0,False,0,0,0,0,,,[],,,,positive,buy,238,True,"기술적 돌파와 기관 매수세 확인으로 매수 관점을 전환한다. 실물경기 괴리 우려는 있으나, 검증된 반도체 업황과 AI 수요로 단기 진입을 고려한다.","중립적 관점에서 매수 관점으로 전환. 이전에는 데이터 확인을 기다렸으나, 오늘 뉴스 (국민연금, AI) 와 기술적 지표 (MA5 돌파, 거래량 증가) 로 진입 신호가 명확해졌다.","기술적 돌파 신호 (MA5 돌파, 거래량 증가) 와 AI 호재, 기관 매수세 확인으로 매수 관점을 전환함. 공시된 시가 기준 진입하며, 초기 단계이므로 현금의 50% 한도 내에서 집중 투자 성향을 반영해 최대 수량 매수함.",단일 종목 집중 투자로 인한 리스크를 고려하여 현금 50% 를 유지하여 추가 대응 여력을 확보함. 수익 실현 시점과 손절 기준을 명확히 하여 처분효과에 따른 손실 확대를 방지함.,
simulation_20260714_233819_066906_14881,2026-02-27,1,am,A008,2026-02-27,2026-02-26,2026-02-26,15:30,2026-02-27,08:59,2026-02-27,pre_close_cutoff,1,3,10,0,False,0,0,0,0,,,[],,,,positive,buy,238,True,"AI 수요와 기관 자금 흐름이 호재로 작용하며, 기술적 돌파 신호가 확인되어 매수 관점을 유지합니다. 단기 상승 모멘텀을 활용하되, 변동성 리스크는 관리하겠습니다.","초기 중립 관점에서 긍정적 관점으로 전환되었습니다. 국민연금 매수 중단과 AI 호재, 기술적 지표 상승이 기존 관점을 확신으로 바꾸었습니다.","기술적 돌파 신호 (5 일/20 일선 상향) 와 AI 호재, 기관 자금 흐름이 상승 모멘텀을 형성했습니다. 고위험 고수익 성향에 따라 허용된 최대 금액 범위 내에서 적극적으로 매수합니다.","과거 성과가 낮아 신중해야 하지만, 명확한 신호에 따라 진입합니다. 주가가 5 일 이동평균선 (200,920 원) 하회 시 손절 원칙을 적용하여 리스크를 관리합니다.",
simulation_20260714_233819_066906_14881,2026-02-27,1,am,A009,2026-02-27,2026-02-26,2026-02-26,15:30,2026-02-27,08:59,2026-02-27,pre_close_cutoff,0,0,0,0,False,0,0,0,0,,,[],,,,neutral,buy,238,True,,,"상승 추세 (MA5, MA20 우위) 내 단기 조정 시 매수 기회로 판단됨. 기술적 지표와 거래량 분석을 근거로 집중 투자 성향을 반영하여 진입.",단일 종목 집중 리스크를 완화하기 위해 현금 50% 유지. 손절 원칙에 따라 조정 심화 시 대응 여력 확보.,
simulation_20260714_233819_066906_14881,2026-02-27,1,am,A010,2026-02-27,2026-02-26,2026-02-26,15:30,2026-02-27,08:59,2026-02-27,pre_close_cutoff,1,5,10,0,False,0,0,0,0,,,[],,,,positive,buy,238,True,"정부의 지원과 AI 수요 확대로 기본기는 튼튼하나, 단기 조정 시점을 포착해 매수 우위를 점함.",중립적 관점에서 매수 우위로 전환. 주가 하락이 저평가 진입 기회로 인식됨.,"AI 수요와 정부 지원 호재로 상승 모멘텀이 유지되며, 210,000 원은 내재가치 대비 저평가 구간으로 판단됩니다. 가치 투자 전략에 따라 최대 허용 한도 내에서 매수하여 진입 우위를 확보합니다.","단일 종목 집중 성향을 반영하되, 거래 제약 (50% 한도) 을 준수하여 리스크를 관리합니다. 향후 손절 기준은 5 일 이동평균선 하향 돌파 시 설정할 예정입니다.",
simulation_20260714_233819_066906_14881,2026-02-27,1,am,A011,2026-02-27,2026-02-26,2026-02-26,15:30,2026-02-27,08:59,2026-02-27,pre_close_cutoff,1,4,10,0,False,0,0,0,0,,,[],,,,positive,buy,238,True,,,"단기 조정 국면에서 MA5 지지선 상단에 위치하며, AI 수요 및 정부 지원 호재로 내재가치 대비 저평가 구간으로 판단됨. 고위험 고수익 선호 성향에 따라 제한된 현금 범위 내에서 최대한 매수 진입.","거래 제약상 최대 50% 현금 사용으로 유동성 확보. MA5(200,920 원) 하향 돌파 시 손절 원칙 준수.",
simulation_20260714_233819_066906_14881,2026-02-27,1,am,A007,2026-02-27,2026-02-26,2026-02-26,15:30,2026-02-27,08:59,2026-02-27,pre_close_cutoff,2,5,10,10,False,0,0,0,0,,,[],"삼성전자 PER PBR, 반도체 가격 동향, HBM 시장 점유율, 미국 반도체 규제, 외국인 투자 동향, 삼성전자 분기 실적, 평택 5 공장, 환율 영향",10,수정,mixed,buy,100,True,"펀더멘털은 견고하나 밸류에이션 부담으로 진입 타이밍을 신중히 고려해야 합니다. 관세 리스크 해소는 긍정적이지만, 실물 경제와의 괴리 해소가 선행되어야 합니다.","초기 중립 관점에서 '펀더멘털 강화'와 '밸류에이션 우려'가 공존하는 복합적 관점으로 변경되었습니다. 관세 리스크 감소는 긍정적이나, 급등에 따른 조정 가능성으로 진입 시점을 재고합니다.","밸류에이션 부담과 실물 경제 괴리 우려가 있으나, 기관 수급과 펀더멘털 강세를 고려해 제한적으로 진입합니다. allowed_actions 제약으로 매수가 필수적이므로, 총 자산의 20% 수준인 100 주를 매수하여 타이밍 놓침 리스크와 밸류에이션 리스크를 균형 잡습니다.","남은 현금으로 추가 조정 시 평균 단가 낮추기 전략을 유지하며, PER/PBR 등 가치 지표 개선을 확인 후 증액 여부를 재검토합니다.",
